chromosome	te_count	total_te_length
NC_007112.7 161112 36913823
NC_007113.7 166940 39462935
NC_007114.7 169145 40820815
NC_007115.7 168046 49848522
NC_007116.7 200324 46632064
NC_007117.7 166278 38765825
NC_007118.7 202688 47045764
NC_007119.7 151956 35399148
NC_007120.7 155344 35799778
NC_007121.7 126882 29217222
NC_007122.7 128177 29002169
NC_007123.7 137429 31446302
NC_007124.7 146604 32989873
NC_007125.7 147212 34020238
NC_007126.7 134340 31234689
NC_007127.7 154493 35950240
NC_007128.7 150614 33987221
NC_007129.7 146012 33125065
NC_007130.7 134336 30892613
NC_007131.7 154391 36129548
NC_007132.7 128947 29645013
NC_007133.7 102390 24591353
NC_007134.7 128868 29651947
NC_007135.7 119312 26528375
NC_007136.7 103501 24052531
NW_001878118.5 376 179365
NW_001878128.4 261 143079
NW_001878251.4 189 63861
NW_001878780.5 388 134458
NW_001879289.5 375 156573
NW_001884381.4 169 138473
NW_001884386.4 501 172392
NW_001884400.4 277 153099
NW_001884413.3 555 274673
NW_001884427.4 601 155823
NW_001884441.4 1 978
NW_001884442.4 1 2067
NW_001884444.4 225 107857
NW_001884452.4 347 154792
NW_001884473.4 255 139424
NW_001884533.5 477 199567
NW_003039384.4 771 288431
NW_003039389.3 365 139182
NW_003040715.4 526 244126
NW_003044888.3 568 252238
NW_003334026.1 312 68532
NW_003334027.1 155 17683
NW_003334032.1 207 44691
NW_003334033.1 141 21276
NW_003334034.2 225 34584
NW_003334071.2 58 13540
NW_003334114.1 19 2325
NW_003334150.2 83 43176
NW_003334182.1 47 11877
NW_003334203.1 99 21997
NW_003334214.1 69 8485
NW_003334215.1 99 12051
NW_003334219.2 59 14092
NW_003334233.2 19 2219
NW_003334236.1 96 16143
NW_003334243.2 85 16076
NW_003334245.1 253 53775
NW_003334254.1 368 69165
NW_003334256.1 66 15281
NW_003334261.1 73 16630
NW_003334263.2 340 75108
NW_003334265.1 132 23268
NW_003334281.1 61 17822
NW_003334318.1 387 66563
NW_003334395.2 133 19672
NW_003334404.1 78 14943
NW_003334429.1 78 9526
NW_003334432.1 15 1246
NW_003334441.1 111 13597
NW_003334443.1 108 14222
NW_003334447.1 228 28574
NW_003334448.1 88 14126
NW_003334452.1 122 21272
NW_003334453.1 125 20302
NW_003334499.2 279 67486
NW_003334505.1 21 3404
NW_003334506.1 3 317
NW_003334517.2 8 703
NW_003334519.2 70 11620
NW_003334536.1 39 9274
NW_003334575.1 64 13848
NW_003334589.2 155 21151
NW_003334619.1 202 29368
NW_003334628.1 59 10776
NW_003334656.2 273 40762
NW_003334666.3 65 8745
NW_003334668.1 61 7293
NW_003334669.1 64 8353
NW_003334670.1 147 23129
NW_003334672.2 395 67968
NW_003334673.3 220 50593
NW_003334680.2 204 36873
NW_003334681.2 77 17940
NW_003334683.1 158 31378
NW_003334684.1 124 24455
NW_003334686.1 84 18582
NW_003334692.2 53 12555
NW_003334810.2 73 22996
NW_003334814.2 84 17176
NW_003334832.2 55 10053
NW_003334844.1 5 952
NW_003334852.2 47 6932
NW_003334875.1 46 9410
NW_003334899.1 210 32584
NW_003334902.1 80 12805
NW_003334956.2 64 12204
NW_003334988.2 126 25560
NW_003335043.1 69 9079
NW_003335050.1 50 6704
NW_003335051.1 49 7338
NW_003335052.1 94 20473
NW_003335113.1 99 20298
NW_003335143.1 69 13286
NW_003335146.1 11 1099
NW_003335148.1 124 18495
NW_003335149.2 165 26185
NW_003335153.1 88 10241
NW_003335154.1 4 352
NW_003335158.1 11 1086
NW_003335161.1 63 6953
NW_003335163.1 13 1200
NW_003335166.2 63 6967
NW_003335184.2 23 5674
NW_003335185.2 134 27258
NW_003335242.1 44 5316
NW_003335249.1 33 2431
NW_003335250.1 35 4702
NW_003335266.1 28 6715
NW_003335276.1 61 14567
NW_003335278.1 240 39285
NW_003335289.1 23 16091
NW_003335314.1 251 48391
NW_003335319.1 266 40092
NW_003335321.1 254 41618
NW_003335322.1 100 20736
NW_003335332.2 47 11530
NW_003335350.1 65 33995
NW_003335355.2 34 21728
NW_003335359.2 253 95586
NW_003335375.1 245 52953
NW_003335383.2 379 73820
NW_003335384.1 123 29903
NW_003335385.1 321 67431
NW_003335386.2 319 66688
NW_003335387.1 88 19403
NW_003335408.1 70 13673
NW_003335459.1 46 5792
NW_003335484.2 51 12826
NW_003335521.2 54 6496
NW_003335528.3 48 16492
NW_003335530.1 16 1817
NW_003335559.1 1 66
NW_003335567.1 170 34800
NW_003335638.2 19 2433
NW_003335647.1 26 2158
NW_003335650.1 182 29586
NW_003335654.1 252 50207
NW_003335663.1 140 27140
NW_003335691.1 123 24396
NW_003335757.1 87 16401
NW_003335764.1 437 88287
NW_003335779.1 209 35942
NW_003335796.1 75 10467
NW_003335800.1 164 22444
NW_003335831.2 39 9558
NW_003335884.2 101 24745
NW_003335891.1 82 13153
NW_003335906.1 338 65474
NW_003335907.1 268 56673
NW_003335920.1 104 27302
NW_003335922.2 120 27661
NW_003335933.1 183 32941
NW_003335935.1 53 8799
NW_003336036.1 69 15915
NW_003336064.1 125 21791
NW_003336066.1 79 11473
NW_003336073.1 48 3789
NW_003336088.1 100 17686
NW_003336095.2 24 8824
NW_003336097.2 55 18824
NW_003336152.2 61 19383
NW_003336169.1 66 8415
NW_003336170.1 34 4914
NW_003336176.2 53 9902
NW_003336185.1 41 8079
NW_003336226.1 113 19563
NW_003336237.1 46 8217
NW_003336239.1 72 16440
NW_003336254.1 70 9837
NW_003336264.2 78 34827
NW_003336270.3 304 141408
NW_003336274.1 21 29974
NW_003336276.1 406 78530
NW_003336277.2 24 10400
NW_003336278.1 34 8037
NW_003336281.1 162 25449
NW_003336282.1 37 5439
NW_003336283.1 103 23799
NW_003336286.1 21 12685
NW_003336287.1 34 5402
NW_003336288.1 138 37331
NW_003336289.1 45 10711
NW_003336290.1 35 6329
NW_003336293.1 1 498
NW_003336294.1 165 35115
NW_003336299.1 210 33590
NW_003336300.2 16 1375
NW_003336301.1 45 8287
NW_003336302.1 36 7831
NW_003336308.1 67 15315
NW_003336310.1 105 17016
NW_003336311.1 76 9228
NW_003336315.1 123 16659
NW_003336316.1 243 55127
NW_003336321.1 91 20057
NW_003336323.1 87 12728
NW_003336324.1 13 8342
NW_003336325.1 34 7334
NW_003336326.1 56 8775
NW_003336327.1 50 10237
NW_003336328.1 2 10315
NW_003336330.2 47 14502
NW_003336331.2 42 8644
NW_003336332.1 47 9666
NW_003336333.2 307 63837
NW_003336336.1 105 20588
NW_003336337.1 330 71327
NW_003336341.1 103 23580
NW_003336343.1 67 14038
NW_003336344.1 5 1031
NW_003336345.1 17 29188
NW_003336347.1 43 7405
NW_003336349.1 50 15421
NW_003336350.1 184 41356
NW_003336353.1 73 16590
NW_003336354.1 52 13458
NW_003336355.1 85 11528
NW_003336358.1 343 60208
NW_003336361.1 20 4425
NW_003336362.1 36 8850
NW_003336365.1 172 42581
NW_003336370.1 137 26978
NW_003336371.1 18 4258
NW_003336372.1 72 17936
NW_003336374.1 51 9478
NW_003336375.1 31 7499
NW_003336376.1 32 11918
NW_003336377.1 38 6005
NW_003336381.1 39 9116
NW_003336385.1 67 18348
NW_003336387.2 91 17380
NW_003336388.1 2 450
NW_003336389.1 24 4609
NW_003336392.1 43 9632
NW_003336396.1 65 28438
NW_003336398.1 70 12481
NW_003336399.1 18 4408
NW_003336403.1 154 19104
NW_003336404.2 298 40965
NW_003336407.1 132 48188
NW_003336410.1 30 5597
NW_003336414.1 84 17402
NW_003336415.1 79 17019
NW_003336419.1 41 7344
NW_003336420.1 90 15725
NW_003336421.1 188 39980
NW_003336422.1 99 23488
NW_003336424.1 37 6154
NW_003336425.1 152 26381
NW_003336426.1 106 20582
NW_003336429.1 28 2543
NW_003336430.1 17 3091
NW_003336432.1 41 7526
NW_003336433.1 93 20613
NW_003336435.2 121 44165
NW_003336436.1 371 77837
NW_003336437.1 102 17553
NW_003336441.1 19 3917
NW_003336442.1 85 18529
NW_003336443.1 71 15413
NW_003336445.1 234 49957
NW_003336448.1 34 5763
NW_003336451.1 25 6527
NW_003336454.2 33 6033
NW_003336455.2 165 36846
NW_003336457.1 55 9213
NW_003336458.1 54 10952
NW_003336461.1 264 39332
NW_003336465.1 32 7493
NW_003336466.1 36 12596
NW_003336468.1 39 18852
NW_003336471.1 204 30407
NW_003336473.1 52 10895
NW_003336474.1 10 1099
NW_003336475.1 10 1447
NW_003336479.1 51 12926
NW_003336480.1 205 37783
NW_003336483.1 62 15744
NW_003336484.1 198 36096
NW_003336488.1 35 6471
NW_003336489.1 69 16382
NW_003336490.1 23 13933
NW_003336492.1 361 87720
NW_003336493.1 44 20004
NW_003336494.1 37 7730
NW_003336497.1 48 10565
NW_003336501.1 77 35324
NW_003336507.1 16 16493
NW_003336509.1 216 45369
NW_003336510.1 280 76118
NW_003336511.1 9 5044
NW_003336513.1 144 38585
NW_003336514.1 47 10361
NW_003336515.1 32 4916
NW_003336517.2 123 21772
NW_003336519.1 16 3714
NW_003336520.1 33 15549
NW_003336521.1 83 10066
NW_003336523.1 25 6169
NW_003336525.1 254 44729
NW_003336529.1 53 12573
NW_003336533.1 30 5095
NW_003336534.1 253 84396
NW_003336540.1 342 77858
NW_003336541.1 216 38164
NW_003336543.1 234 81048
NW_003336547.1 28 6381
NW_003336548.1 41 6490
NW_003336550.1 43 13786
NW_003336553.1 111 15315
NW_003336554.1 29 5591
NW_003336558.1 4 531
NW_003336559.1 85 20847
NW_003336561.2 67 26640
NW_003336563.1 127 26638
NW_003336566.1 133 39582
NW_003336567.1 16 5467
NW_003336568.1 116 18525
NW_003336571.1 9 13915
NW_003336572.2 88 12621
NW_003336573.1 87 26300
NW_003336574.1 125 24237
NW_003336575.1 77 11518
NW_003336579.1 171 88562
NW_003336580.1 52 10873
NW_003336582.1 20 1504
NW_003336583.1 30 7779
NW_003336586.1 126 53597
NW_003336591.1 110 19279
NW_003336593.1 62 13386
NW_003336598.1 91 20807
NW_003336599.1 45 14088
NW_003336600.1 105 44189
NW_003336601.1 49 13910
NW_003336603.1 145 34433
NW_003336607.1 45 8379
NW_003336610.1 47 10459
NW_003336612.1 361 64938
NW_003336613.1 95 18463
NW_003336614.1 46 11760
NW_003336620.1 41 7668
NW_003336621.1 69 10013
NW_003336623.1 44 8417
NW_003336625.1 85 15259
NW_003336627.1 47 17922
NW_003336629.1 68 17543
NW_003336630.1 35 8253
NW_003336632.1 11 1286
NW_003336633.1 123 25964
NW_003336635.1 55 13501
NW_003336636.1 73 13131
NW_003336643.1 17 2296
NW_003336645.1 84 21143
NW_003336646.1 69 13577
NW_003336647.1 139 38824
NW_003336649.1 27 9001
NW_003336650.1 316 55655
NW_003336651.1 17 5432
NW_003336654.1 302 57422
NW_003336655.1 40 7499
NW_003336659.1 50 8045
NW_003336660.1 41 6603
NW_003336661.1 13 6354
NW_003336662.1 92 30167
NW_003336663.1 424 97011
NW_003336665.1 34 7430
NW_003336666.1 47 8275
NW_003336667.1 23 3695
NW_003336670.1 207 37488
NW_003336671.1 45 18649
NW_003336674.1 57 7038
NW_003336675.1 46 15210
NW_003336678.1 179 22900
NW_003336679.1 97 24651
NW_003336681.2 3 25252
NW_003336682.1 70 14457
NW_003336684.1 38 9463
NW_003336685.1 47 6975
NW_003336686.1 1 47
NW_003336687.2 8 1452
NW_003336689.1 44 10157
NW_003336693.1 1 93
NW_003336698.1 13 1978
NW_003336699.1 75 19337
NW_003336701.2 104 14580
NW_003336703.1 310 88298
NW_003336711.1 27 5951
NW_003336712.1 167 35520
NW_003336714.2 65 16804
NW_003336715.1 55 9877
NW_003336716.1 213 39942
NW_003336720.1 161 37012
NW_003336721.1 38 8013
NW_003336724.1 54 18585
NW_003336725.1 21 3276
NW_003336727.1 202 34284
NW_003336729.1 44 9291
NW_003336730.1 125 92092
NW_003336732.1 434 103806
NW_003336739.1 61 12477
NW_003336740.1 18 4234
NW_003336742.1 52 10798
NW_003336743.1 60 10187
NW_003336744.1 145 39808
NW_003336746.1 18 9248
NW_003336747.1 125 24242
NW_003336748.2 60 28597
NW_003336751.1 80 28434
NW_003336755.1 25 5057
NW_003336756.1 85 19066
NW_003336757.1 339 76213
NW_003336758.1 19 22766
NW_003336760.1 55 15488
NW_003336761.1 50 16086
NW_003336762.1 49 9133
NW_003336764.1 70 20702
NW_003336765.1 70 15878
NW_003336766.1 51 9451
NW_003336769.1 61 12544
NW_003336772.2 15 10785
NW_003336773.1 28 9619
NW_003336774.3 97 25406
NW_003336777.1 51 6589
NW_003336780.1 187 47934
NW_003336781.2 51 17575
NW_003336782.1 13 8182
NW_003336784.1 78 21063
NW_003336787.1 42 4463
NW_003336792.1 365 77642
NW_003336801.1 135 25546
NW_003336802.1 19 12574
NW_003336806.1 61 23809
NW_003336808.1 138 21745
NW_003336809.1 18 3525
NW_003336810.1 69 10722
NW_003336812.1 58 7829
NW_003336815.1 1 1139
NW_003336817.2 59 12110
NW_003336819.1 36 8567
NW_003336820.1 54 19305
NW_003336823.1 233 35192
NW_003336824.1 3 12070
NW_003336825.1 32 5815
NW_003336826.1 229 40778
NW_003336827.1 73 19220
NW_003336830.1 162 30505
NW_003336831.1 144 28538
NW_003336834.1 38 5929
NW_003336836.1 82 13874
NW_003336837.1 7 1051
NW_003336838.1 51 7954
NW_003336840.1 178 26278
NW_003336843.1 338 52756
NW_003336845.1 56 10861
NW_003336846.1 39 7487
NW_003336847.1 48 9636
NW_003336848.1 78 10474
NW_003336849.1 28 6288
NW_003336850.1 50 11303
NW_003336851.1 124 25713
NW_003336852.1 24 7674
NW_003336855.1 59 32798
NW_003336858.1 43 8690
NW_003336859.1 3 1333
NW_003336860.1 114 24956
NW_003336864.1 4 10186
NW_003336866.1 78 12591
NW_003336867.1 67 23423
NW_003336868.1 100 17677
NW_003336869.1 270 61697
NW_003336871.1 47 10656
NW_003336872.1 38 10301
NW_003336874.1 41 18196
NW_003336876.1 91 13582
NW_003336877.1 345 94974
NW_003336878.3 71 16485
NW_003336884.1 31 7202
NW_003336886.1 46 6787
NW_003336888.1 23 5096
NW_003336889.1 30 5365
NW_003336892.1 42 7856
NW_003336893.1 65 15053
NW_003336894.1 128 33316
NW_003336895.1 86 23941
NW_003336897.1 78 20606
NW_003336900.1 33 7087
NW_003336903.1 59 14392
NW_003336907.1 25 11361
NW_003336909.1 20 8579
NW_003336912.2 136 68068
NW_003336913.1 59 13206
NW_003336914.1 15 1748
NW_003336915.1 8 1117
NW_003336917.1 24 5626
NW_003336918.1 72 24569
NW_003336919.1 71 11534
NW_003336921.1 32 6276
NW_003336924.1 22 14859
NW_003336925.1 121 23723
NW_003336928.1 44 14464
NW_003336929.1 32 6039
NW_003336934.1 73 13982
NW_003336936.1 94 27794
NW_003336937.1 170 27930
NW_003336940.1 91 19761
NW_003336941.1 138 35360
NW_003336942.1 168 34634
NW_003336945.1 72 22103
NW_003336946.1 42 6258
NW_003336948.1 88 15827
NW_003336949.3 168 31135
NW_003336950.1 32 6437
NW_003336951.2 171 40932
NW_003336956.1 73 18165
NW_003336957.1 705 129922
NW_003336958.1 85 19205
NW_003336959.1 35 7050
NW_003336961.1 52 8773
NW_003336964.1 698 131837
NW_003336966.1 56 12287
NW_003336967.1 54 10426
NW_003336968.1 49 12037
NW_003336969.1 68 30039
NW_003336970.1 2 641
NW_003336972.2 10 2020
NW_003336973.1 6 653
NW_003336974.1 221 51606
NW_003336975.1 18 2183
NW_003336976.1 286 31005
NW_003336977.1 162 21893
NW_003336978.1 72 15228
NW_003336979.1 5 1885
NW_003336980.1 18 14526
NW_003336986.1 72 10957
NW_003336989.1 16 8567
NW_003336990.1 96 12839
NW_003336991.1 268 41181
NW_003336994.1 39 6993
NW_003336995.1 38 8172
NW_003336996.1 76 15568
NW_003336997.1 30 18622
NW_003336998.2 60 13438
NW_003337002.1 43 8099
NW_003337006.1 28 3624
NW_003337008.2 33 7668
NW_003337010.1 109 46890
NW_003337013.1 277 55641
NW_003337014.1 110 33902
NW_003337018.1 65 12484
NW_003337019.1 48 6947
NW_003337025.1 46 6698
NW_003337026.1 1 7552
NW_003337028.1 52 18633
NW_003337029.1 171 32996
NW_003337031.1 8 619
NW_003337032.1 24 4193
NW_003337033.1 300 53562
NW_003337034.1 52 8817
NW_003337037.1 327 64341
NW_003337038.1 46 10406
NW_003337040.2 202 38408
NW_003337041.1 95 24316
NW_003337042.1 45 8728
NW_003337043.1 157 34798
NW_003337044.1 110 19810
NW_003337045.1 40 14413
NW_003337046.1 135 21325
NW_003337047.1 21 7833
NW_003337049.1 10 6912
NW_003337052.1 37 8185
NW_003337057.1 74 15006
NW_003337059.1 60 9286
NW_003337060.1 246 64494
NW_003337062.1 135 27842
NW_003337065.1 44 11389
NW_003337066.1 41 8374
NW_003337067.1 38 12046
NW_003337068.1 31 6187
NW_003337069.1 26 5002
NW_003337070.1 161 91845
NW_003337071.1 69 12822
NW_003337075.1 44 15246
NW_003337078.1 116 16097
NW_003337080.1 37 10316
NW_003337083.1 62 20572
NW_003337086.1 83 12166
NW_003337088.1 33 6753
NW_003337090.1 37 10684
NW_003337091.2 78 15810
NW_003337093.1 127 42823
NW_003337095.1 33 5803
NW_003337096.1 49 7781
NW_003337097.1 54 25960
NW_003337098.1 69 11789
NW_003337099.1 22 13112
NW_003337101.1 94 21316
NW_003337106.1 5 17475
NW_003337107.1 14 9963
NW_003337109.1 143 61504
NW_003337111.1 10 9489
NW_003337114.1 44 8375
NW_003337115.1 40 8874
NW_003337116.1 251 61012
NW_003337117.1 132 35892
NW_003337120.1 12 674
NW_003337121.1 177 39190
NW_003337122.1 17 4660
NW_003337123.1 69 20859
NW_003337124.1 103 12992
NW_003337125.1 55 43896
NW_003337126.1 35 7088
NW_003337127.1 36 8063
NW_003337129.2 65 15214
NW_003337131.2 57 14099
NW_003337132.1 160 35812
NW_003337136.1 35 12337
NW_003337137.1 53 29985
NW_003337138.1 99 21365
NW_003337139.1 67 25203
NW_003337143.1 105 53779
NW_003337144.1 228 32727
NW_003337145.1 122 34129
NW_003337146.1 47 27158
NW_003337151.1 40 10336
NW_003337153.3 36 8659
NW_003337154.1 74 10035
NW_003337156.1 42 7196
NW_003337159.1 2 10210
NW_003337160.1 38 8026
NW_003337161.1 86 32051
NW_003337162.1 50 8348
NW_003337164.1 35 7088
NW_003337165.1 200 44883
NW_003337168.1 1 1347
NW_003337171.1 40 10421
NW_003337172.1 10 1742
NW_003337174.1 27 5421
NW_003337175.1 276 69343
NW_003337176.1 33 13230
NW_003337177.1 88 12267
NW_003337179.1 73 19609
NW_003337182.1 111 25078
NW_003337183.1 38 21071
NW_003337184.1 7 1478
NW_003337186.1 5 7397
NW_003337187.1 1 7348
NW_003337188.1 32 11011
NW_003337189.1 97 13257
NW_003337190.1 40 7775
NW_003337192.1 121 21936
NW_003337193.1 46 20890
NW_003337194.1 67 16712
NW_003337196.1 166 26328
NW_003337197.1 110 27016
NW_003337198.1 78 13932
NW_003337199.1 56 13892
NW_003337200.1 61 45521
NW_003337202.1 34 10909
NW_003337203.1 256 59824
NW_003337204.1 308 61099
NW_003337205.1 240 53402
NW_003337207.1 28 4550
NW_003337217.1 201 29471
NW_003337218.1 73 25325
NW_003337219.1 96 19881
NW_003337220.1 106 23120
NW_003337222.1 31 5443
NW_003337224.1 55 17048
NW_003337225.1 5 346
NW_003337228.1 6 555
NW_003337229.1 153 33093
NW_003337232.1 131 21643
NW_003337233.1 5 12942
NW_003337234.1 44 18486
NW_003337239.1 15 4735
NW_003337240.1 44 9169
NW_003337241.1 349 67946
NW_003337242.1 32 19073
NW_003337247.1 106 19260
NW_003337249.1 2 8150
NW_003337250.1 122 23029
NW_003337251.1 40 10327
NW_003337253.1 30 11004
NW_003337254.2 43 6328
NW_003337255.1 66 19582
NW_003337256.1 49 8413
NW_003337258.1 269 107797
NW_003337259.1 84 27410
NW_003337260.1 56 29793
NW_003337261.2 43 28241
NW_003337263.1 229 45411
NW_003337265.1 54 9746
NW_003337266.1 57 11559
NW_008805346.1 112 34009
NW_008805347.1 259 80884
NW_008805348.1 16 2748
NW_008805349.1 309 67555
NW_008805351.2 50 4800
NW_008805353.1 24 5593
NW_008805354.1 53 8914
NW_008805356.1 63 6325
NW_008805358.1 38 4348
NW_008805361.1 33 6673
NW_008805363.1 60 13493
NW_008805364.1 9 2440
NW_008805365.1 13 1810
NW_008805366.1 8 7787
NW_008805367.1 29 10562
NW_008805368.1 121 19947
NW_008805369.1 157 29152
NW_008805370.1 50 11658
NW_008805371.1 24 6859
NW_008805373.1 52 12327
NW_008805378.1 62 17734
NW_008805379.1 48 24249
NW_008805380.1 27 4727
NW_008805381.1 8 1030
NW_008805382.1 33 7298
NW_008805383.1 48 8106
NW_008805384.1 73 46556
NW_008805385.1 3 668
NW_008805387.1 48 9664
NW_008805388.1 5 440
NW_008805390.1 46 5889
NW_008805391.1 117 48622
NW_008805392.1 30 5355
NW_008805393.1 63 7138
NW_008805394.1 190 38883
NW_008805397.1 36 7108
NW_008805398.1 31 6561
NW_008805400.1 35 8749
NW_008805401.1 152 33829
NW_008805406.1 17 3384
NW_008805408.1 1 126
NW_008805409.1 4 389
NW_008805412.1 30 7270
NW_008805415.1 14 5121
NW_008805417.1 53 7695
NW_008805419.1 43 9441
NW_008805420.1 10 905
NW_008805422.1 28 10667
NW_008805423.1 33 8778
NW_008805424.1 2 301
NW_008805426.1 80 15802
NW_008805427.1 61 29270
NW_008805428.2 38 8113
NW_008805430.1 17 2226
NW_008805431.1 92 19865
NW_008805432.1 29 8242
NW_008805433.1 56 9188
NW_008805434.1 52 9918
NW_008805435.1 34 8301
NW_008805436.1 57 10155
NW_008805437.1 19 5963
NW_008805438.1 35 6096
NW_008805440.1 29 3559
NW_008805441.1 118 13763
NW_008805442.1 3 194
NW_008805443.1 70 26613
NW_008805444.1 31 6349
NW_008805445.1 365 63270
NW_008805448.1 28 5317
NW_008805449.1 29 5113
NW_008805450.1 36 4966
NW_008805451.1 43 6165
NW_008805452.1 32 8899
NW_008805454.1 135 33497
NW_008805455.1 30 6939
NW_008805458.1 259 56381
NW_008805459.1 74 25396
NW_008805461.1 41 12530
NW_008805462.1 5 774
NW_008805463.1 45 8214
NW_008805465.1 67 17433
NW_008805466.1 8 1065
NW_008805468.1 79 11988
NW_008805470.1 63 10924
NW_008805472.1 39 10230
NW_008805473.1 58 19882
NW_008805476.1 31 13323
NW_008805478.1 40 8194
NW_008805480.1 37 7456
NW_008805481.1 36 4754
NW_008805483.1 92 27813
NW_008805487.1 51 12157
NW_008805488.1 105 31360
NW_008805490.1 57 15623
NW_008805491.1 88 15760
NW_008805493.1 67 14065
NW_008805494.1 11 2240
NW_008805495.1 9 771
NW_008805497.1 79 16396
NW_008805498.1 78 16248
NW_008805499.1 39 13403
NW_008805501.1 27 6447
NW_008805502.1 208 43726
NW_008805503.1 49 9042
NW_008805506.1 184 110216
NW_008805508.1 56 12380
NW_008805509.1 16 5152
NW_008805510.1 34 6155
NW_008805511.1 56 13566
NW_008805514.1 58 10417
NW_008805516.1 42 9247
NW_008805517.1 48 9252
NW_008805522.1 39 8143
NW_008805523.1 40 7906
NW_008805526.1 175 49047
NW_008805527.1 75 18978
NW_008805528.1 39 11006
NW_008805529.1 34 8595
NW_008805532.1 7 1140
NW_008805533.1 33 7736
NW_008805534.1 8 1072
NW_008805535.1 161 37149
NW_008805538.1 50 7488
NW_008805539.1 76 17769
NW_008805540.1 39 5772
NW_008805541.1 34 9837
NW_008805542.1 136 31178
NW_008805543.1 74 12080
NW_008805544.1 37 8780
NW_008805545.1 150 24471
NW_008805549.1 10 1382
NW_008805550.1 40 6255
NW_008805551.1 61 12346
NW_008805552.1 79 10160
NW_008805553.1 43 5947
NW_008805557.1 50 12385
NW_008805558.1 24 5564
NW_008805559.1 48 7982
NW_008805561.1 35 8032
NW_008805563.1 50 5543
NW_008805564.1 58 6823
NW_008805566.1 113 28721
NW_008805567.1 101 23326
NW_008805568.1 70 17041
NW_008805570.1 84 14892
NW_008805571.1 8 10066
NW_008805573.1 191 38346
NW_008805574.1 61 13600
NW_008805575.1 22 5958
NW_008805579.1 108 58922
NW_008805580.1 33 7842
NW_008805582.2 111 38828
NW_008805585.1 120 28721
NW_018394340.1 33 5060
NW_018394341.1 47 15103
NW_018394342.1 51 10372
NW_018394343.1 1 61
NW_018394344.1 39 5020
NW_018394345.1 5 1149
NW_018394346.1 24 5609
NW_018394347.1 10 2106
NW_018394348.1 38 9294
NW_018394349.1 3 199
NW_018394350.1 65 8292
NW_018394351.1 10 1119
NW_018394352.1 41 6916
NW_018394353.1 10 1727
NW_018394354.1 62 7440
NW_018394355.1 11 610
NW_018394356.1 68 16898
NW_018394357.1 38 8565
NW_018394358.1 45 9144
NW_018394359.1 10 2035
NW_018394360.1 11 2711
NW_018394361.1 38 7565
NW_018394362.1 19 4724
NW_018394363.1 23 6833
NW_018394364.1 48 17487
NW_018394365.1 16 5070
NW_018394366.1 107 32850
NW_018394368.1 17 3550
NW_018394369.1 7 660
NW_018394370.1 14 2028
NW_018394371.1 44 6576
NW_018394372.1 33 6121
NW_018394373.1 74 10062
NW_018394374.1 59 13504
NW_018394375.1 24 11036
NW_018394376.1 8 899
NW_018394377.1 38 11988
NW_018394378.1 31 9644
NW_018394379.1 242 28044
NW_018394380.1 12 1739
NW_018394381.1 38 8114
NW_018394382.1 26 6116
NW_018394383.1 21 3808
NW_018394384.1 6 500
NW_018394385.1 61 9698
NW_018394386.1 75 13508
NW_018394387.1 16 4142
NW_018394388.1 11 3964
NW_018394389.1 17 2807
NW_018394390.1 18 6036
NW_018394391.1 27 6799
NW_018394392.1 48 11197
NW_018394393.1 68 9784
NW_018394394.1 12 6599
NW_018394395.1 57 12737
NW_018394396.1 87 18991
NW_018394397.1 10 1897
NW_018394398.1 33 6614
NW_018394399.1 38 8991
NW_018394400.1 48 10466
NW_018394401.1 27 4045
NW_018394402.1 19 4311
NW_018394403.1 208 47434
NW_018394404.1 34 9083
NW_018394405.1 24 4732
NW_018394406.1 12 1628
NW_018394407.1 28 5106
NW_018394408.1 24 4650
NW_018394409.1 6 1319
NW_018394410.1 52 7318
NW_018394411.1 134 23121
NW_018394412.1 12 17772
NW_018394413.1 118 16318
NW_018394414.1 6 966
NW_018394415.1 30 5781
NW_018394416.1 35 29701
NW_018394417.1 24 3354
NW_018394418.1 88 16012
NW_018394419.1 12 4216
NW_018394420.1 13 1980
NW_018394421.1 31 32491
NW_018394422.1 7 2540
NW_018394423.1 59 15392
NW_018394424.1 13 1239
NW_018394425.1 91 15494
NW_018394426.1 127 16709
NW_018394427.1 8 1254
NW_018394428.1 7 1494
NW_018394429.1 36 7769
NW_018394430.1 9 1077
NW_018394431.1 69 8668
NW_018394432.1 10 1698
NW_018394433.1 41 10205
NW_018394434.1 50 8451
NW_018394435.1 82 15800
NW_018394436.1 73 24454
NW_018394437.1 2 1696
NW_018394438.1 38 3565
NW_018394439.1 53 12677
NW_018394440.1 13 1521
NW_018394441.1 22 4203
NW_018394442.1 22 3584
NW_018394444.1 12 1638
NW_018394445.1 55 12364
NW_018394446.1 24 5697
NW_018394447.1 25 4089
NW_018394448.1 3 4200
NW_018394449.1 14 3046
NW_018394450.1 7 291
NW_018394451.1 85 29582
NW_018394452.1 16 3510
NW_018394453.1 6 1161
NW_018394454.1 16 4477
NW_018394455.1 20 3835
NW_018394456.1 220 135458
NW_018394457.1 93 30502
NW_018394458.1 392 134716
NW_018394459.1 347 125249
NW_018394460.1 813 167824
NW_018394461.1 1045 227181
NW_018394462.1 941 223757
NW_018394463.1 724 159651
NW_018394464.1 838 179219
NW_018394465.1 843 184593
NW_018394466.1 384 96403
NW_018394467.1 811 178150
NW_018394468.1 744 157954
NW_018394469.1 990 237226
NW_018394470.1 967 236597
NW_018394471.1 635 148378
NW_018394472.1 685 193803
NW_018394473.1 1024 278500
NW_018394474.1 930 194378
NW_018394475.1 1037 254377
NW_018394476.1 765 270954
NW_018394477.1 752 183572
NW_018394478.1 781 168783
NW_018394479.1 821 203011
NW_018394480.1 548 118147
NW_018394481.1 691 195577
NW_018394482.1 754 204731
NW_018394483.1 1259 360671
NW_018394484.1 1146 273137
NW_018394485.1 743 180067
NW_018394486.1 448 322489
NW_018394487.1 493 272561
NW_018394488.1 550 170984
NW_018394489.1 469 108017
NW_018394490.1 817 218583
NW_018394491.1 1134 293223
NW_018394492.1 752 203508
NW_018394493.1 1235 316574
NW_018394494.1 1004 269818
NW_018394495.1 840 188055
NW_018394496.1 606 128984
NW_018394497.1 857 221706
NW_018394498.1 568 118661
NW_018394499.1 557 118042
NW_018394500.1 682 154128
NW_018394501.1 660 148982
NW_018394502.1 622 146731
NW_018394503.1 317 55304
NW_018394504.1 791 183685
NW_018394505.1 235 68163
NW_018394506.1 1153 251550
NW_018394507.1 1050 234681
NW_018394508.1 799 164481
NW_018394509.1 719 163842
NW_018394510.1 940 204372
NW_018394511.1 798 180620
NW_018394512.1 1012 230815
NW_018394513.1 945 248331
NW_018394514.1 846 195185
NW_018394515.1 1164 272277
NW_018394516.1 518 131858
NW_018394517.1 964 303868
NW_018394518.1 397 126231
NW_018394519.1 439 137452
NW_018394520.1 830 245204
NW_018394521.1 797 169093
NW_018394522.1 591 132817
NW_018394523.1 880 183634
NW_018394524.1 951 199055
NW_018394525.1 1032 240067
NW_018394526.1 649 142469
NW_018394527.1 1345 321215
NW_018394528.1 296 72347
NW_018394529.1 989 230803
NW_018394530.1 1050 220778
NW_018394531.1 879 181725
NW_018394532.1 1039 226615
NW_018394533.1 1166 266181
NW_018394534.1 569 119183
NW_018394535.1 742 160809
NW_018394536.1 1014 240100
NW_018394537.1 756 190875
NW_018394538.1 775 206342
NW_018394539.1 1056 394907
NW_018394540.1 803 183426
NW_018394541.1 816 191353
NW_018394542.1 1073 259789
NW_018394543.1 535 194175
NW_018394544.1 745 169587
NW_018394545.1 771 252098
NW_018394546.1 1081 279107
NW_018394547.1 401 72601
NW_018394548.1 977 186269
NW_018394549.1 1020 196760
NW_018394550.1 661 114939
NW_018394551.1 703 129150
NW_018394552.1 549 102517
NW_018394553.1 723 146068
NW_018394554.1 674 153460
NW_018394555.1 671 163085
NW_018394556.1 910 221961
NW_018394557.1 519 189692
NW_018394558.1 873 211603
NW_018394559.1 742 297207
NW_018394560.1 797 209263
NW_018394561.1 324 108441
NW_018394562.1 674 164804
NW_018394563.1 759 216793
NW_018394564.1 985 238518
NW_018394565.1 695 176610
NW_018394566.1 988 234819
NW_018394567.1 977 235030
NW_018394568.1 794 175382
NW_018394569.1 1352 304986
NW_018394570.1 979 248472
NW_018394571.1 1050 229254
NW_018394572.1 1160 275363
NW_018394573.1 658 176335
NW_018394574.1 783 182067
NW_018394575.1 732 163046
NW_018394576.1 882 222144
NW_018394577.1 1010 266080
NW_018394578.1 810 174287
NW_018394579.1 536 125554
NW_018394580.1 817 194270
NW_018394581.1 409 89974
NW_018394582.1 483 119369
NW_018394583.1 764 171396
NW_018394584.1 824 198116
NW_018394585.1 665 141683
NW_018394586.1 882 218563
NW_018394587.1 675 153945
NW_018394588.1 1739 382194
NW_018394589.1 676 171863
NW_018394590.1 704 185433
NW_018394591.1 827 190314
NW_018394592.1 867 200169
NW_018394593.1 434 96991
NW_018394594.1 810 172911
NW_018394595.1 1500 324278
NW_018394596.1 959 212751
NW_018394597.1 692 148744
NW_018394598.1 1351 355160
NW_018394599.1 1144 245668
NW_018394600.1 402 121288
NW_018394601.1 902 218407
NW_018394602.1 928 233507
NW_018394603.1 711 175741
NW_018394604.1 951 230028
NW_018394605.1 690 143228
NW_018394606.1 500 107410
NW_018394607.1 787 179938
NW_018394608.1 559 140771
NW_018394609.1 756 204461
NW_018394610.1 771 187361
NW_018394611.1 1088 293242
NW_018394612.1 629 231523
NW_018394613.1 764 222494
NW_018394614.1 733 185865
NW_018394615.1 927 217597
NW_018394616.1 584 159197
NW_018394617.1 1126 310021
NW_018394618.1 628 135292
NW_018394619.1 1000 220622
NW_018394620.1 662 157386
NW_018394621.1 599 124144
NW_018394622.1 817 163210
NW_018394623.1 770 148471
NW_018394624.1 1557 309706
NW_018394625.1 720 171562
NW_018394626.1 704 165508
NW_018394627.1 873 210209
NW_018394628.1 737 173971
NW_018394629.1 799 215738
NW_018394630.1 1144 285555
NW_018394631.1 753 292148
NW_018394632.1 416 228622
NW_018394633.1 938 293679
NW_018394634.1 423 119285
NW_018394635.1 1148 394874
NW_018394636.1 744 223704
NW_018394637.1 1759 590160
NW_018394638.1 977 278124
NW_018394639.1 601 138983
NW_018394640.1 886 190202
NW_018394641.1 698 170475
NW_018394642.1 786 183099
NW_018394643.1 938 221566
NW_018394644.1 644 166345
NW_018394645.1 1642 375304
NW_018394646.1 1249 319259
NW_018394647.1 811 189947
NW_018394648.1 843 194237
NW_018394649.1 633 144922
NW_018394650.1 1245 284937
NW_018394651.1 801 197602
NW_018394652.1 662 146511
NW_018394653.1 862 191674
NW_018394654.1 820 196355
NW_018394655.1 1261 302128
NW_018394656.1 953 187857
NW_018394657.1 905 206554
NW_018394658.1 631 146452
NW_018394659.1 1211 298427
NW_018394660.1 579 129401
NW_018394661.1 692 144552
NW_018394662.1 988 213879
NW_018394663.1 774 169709
NW_018394664.1 985 215997
NW_018394665.1 633 133860
NW_018394666.1 1103 240874
NW_018394667.1 1057 209924
NW_018394668.1 833 181142
NW_018394669.1 642 132426
NW_018394670.1 611 144947
NW_018394671.1 530 131019
NW_018394672.1 693 159883
NW_018394673.1 855 211753
NW_018394674.1 581 160120
NW_018394675.1 554 142658
NW_018394676.1 870 205503
NW_018394677.1 458 106407
NW_018394678.1 907 188691
NW_018394679.1 721 171984
NW_018394680.1 1177 246249
NW_018394681.1 631 134659
NW_018394682.1 684 171363
NW_018394683.1 1018 209463
NW_018394684.1 830 194024
NW_018394685.1 788 176904
NW_018394686.1 643 153157
NW_018394687.1 871 186549
NW_018394688.1 1356 301551
NW_018394689.1 538 112769
NW_018394690.1 610 133562
NW_018394691.1 870 196653
NW_018394692.1 810 167207
NW_018394693.1 502 116077
NW_018394694.1 1075 252422
NW_018394695.1 598 150701
NW_018394696.1 835 171999
NW_018394697.1 602 140799
NW_018394698.1 846 173797
NW_018394699.1 756 168405
NW_018394700.1 1399 308515
NW_018394701.1 472 130468
NW_018394702.1 583 119002
NW_018394703.1 715 165316
NW_018394704.1 381 91562
NW_018394705.1 749 172261
NW_018394706.1 583 135542
NW_018394707.1 812 188401
NW_018394708.1 677 188491
NW_018394709.1 673 245528
NW_018394710.1 1001 190947
NW_018394711.1 451 169088
NW_018394712.1 1868 450481
NW_018394713.1 871 222144
NW_018394714.1 997 212563
NW_018394715.1 639 142123
NW_018394716.1 682 137009
NW_018394717.1 1043 233330
NW_018394718.1 1001 232128
NW_018394719.1 944 205795
NW_018394720.1 616 130389
NW_018394721.1 818 192875
NW_018394722.1 650 156148
NW_018394723.1 785 177031
NW_018394724.1 761 188842
NW_018394725.1 1005 254451
NW_018394726.1 1290 305044
NW_018394727.1 2388 562293
NW_018394728.1 587 126255
NW_018394729.1 894 210537
NW_018394730.1 1232 272686
NW_018394731.1 938 192050
NW_018394732.1 979 269239
NW_018394733.1 1059 222763
NW_018394734.1 731 140426
NW_018394735.1 661 164025
NW_018394736.1 521 193998
NW_018394737.1 1191 314022
NW_018394738.1 617 166514
NW_018394739.1 904 226886
NW_018394740.1 626 131098
NW_018394741.1 487 156354
NW_018394742.1 803 224222
NW_018394743.1 1441 343244
NW_018394744.1 788 237999
NW_018394745.1 1611 503622
NW_018394746.1 1103 280369
NW_018394747.1 1094 241788
NW_018394748.1 998 250576
NW_018394749.1 596 137100
NW_018394750.1 783 183365
NW_018394751.1 1128 312246
NW_018394752.1 789 237405
NW_018394753.1 786 202882
NW_018394754.1 543 123293
NW_018394755.1 940 218163
NW_018394756.1 488 123124
NW_018394757.1 634 168676
NW_018394758.1 543 127755
NW_018394759.1 867 183416
NW_018394760.1 1357 320286
NW_018394761.1 938 191741
NW_018394762.1 493 134177
NW_018394763.1 684 158393
NW_018394764.1 680 152548
NW_018394765.1 795 199710
NW_018394766.1 556 128270
NW_018394767.1 120 30660
NW_018394768.1 731 180222
NW_018394769.1 667 154985
NW_018394770.1 658 169735
NW_018394771.1 791 172317
NW_018394772.1 930 240408
NW_018394773.1 790 184563
NW_018394774.1 555 127038
NW_018394775.1 798 224342
NW_018394776.1 871 212250
NW_018394777.1 470 103852
NW_018394778.1 432 96480
NW_018394779.1 633 147326
NW_018394780.1 1312 317754
NW_018394781.1 829 213712
NW_018394782.1 1058 246998
NW_018394783.1 763 166062
NW_018394784.1 1357 326329
NW_018394785.1 1452 307529
NW_018394786.1 981 207860
NW_018394787.1 916 206001
NW_018394788.1 835 174495
NW_018394789.1 989 200334
NW_018394790.1 626 142525
NW_018394791.1 623 126366
NW_018394792.1 324 86403
NW_018394793.1 1903 477876
NW_018394794.1 601 124771
NW_018394795.1 877 208956
NW_018394796.1 592 128843
NW_018394797.1 853 182335
NW_018394798.1 841 192386
NW_018394799.1 259 50695
NW_018394800.1 1205 259936
NW_018394801.1 653 165140
NW_018394802.1 958 220583
NW_018394803.1 499 123495
NW_018394804.1 849 352736
NW_018394805.1 341 183388
NW_018394806.1 793 230551
NW_018394807.1 609 205064
NW_018394808.1 697 311238
NW_018394809.1 1227 334599
NW_018394810.1 1259 304639
NW_018394811.1 966 230010
NW_018394812.1 836 215336
NW_018394813.1 976 292425
NW_018394814.1 1095 264095
NW_018394815.1 591 155281
NW_018394816.1 831 190749
NW_018394817.1 729 156598
NW_018394818.1 565 119400
NW_018394819.1 706 165437
NW_018394820.1 641 177262
NW_018394821.1 570 133065
NW_018394822.1 1013 204260
NW_018394823.1 637 145683
NW_018394824.1 1284 263653
NW_018394825.1 1108 237938
NW_018394826.1 1192 278487
NW_018394827.1 711 138256
NW_018394828.1 561 142436
NW_018394829.1 409 83195
NW_018394830.1 916 183370
NW_018394831.1 1297 320999
NW_018394832.1 914 220662
NW_018394833.1 840 243524
NW_018394834.1 443 92473
NW_018394835.1 2216 590299
NW_018394836.1 1055 289878
NW_018394837.1 833 184156
NW_018394838.1 513 124457
NW_018394839.1 1242 287828
NW_018394840.1 792 186047
NW_018394841.1 478 113041
NW_018394842.1 850 200680
NW_018394843.1 872 191407
NW_018394844.1 721 206533
NW_018394845.1 1075 262982
NW_018394846.1 559 124999
NW_018394847.1 1221 291977
NW_018394848.1 829 180066
NW_018394849.1 886 211422
NW_018394850.1 505 112458
NW_018394851.1 791 176321
NW_018394852.1 635 133645
NW_018394853.1 885 201211
NW_018394854.1 910 194994
NW_018394855.1 825 197923
NW_018394856.1 864 184628
NW_018394857.1 492 111718
NW_018394858.1 700 176082
NW_018394859.1 668 150793
NW_018394860.1 1027 183223
NW_018394861.1 816 176559
NW_018394862.1 979 189045
NW_018394863.1 950 236174
NW_018394864.1 1131 290870
NW_018394865.1 1212 374811
NW_018394866.1 819 211739
NW_018394867.1 641 163859
NW_018394868.1 1446 322779
NW_018394869.1 858 197753
NW_018394870.1 466 118874
NW_018394871.1 662 174440
NW_018394872.1 699 167144
NW_018394873.1 1291 318465
NW_018394874.1 866 275668
NW_018394875.1 902 209251
NW_018394876.1 766 195147
NW_018394877.1 787 295072
NW_018394878.1 506 126514
NW_018394879.1 917 237666
NW_018394880.1 648 145289
NW_018394881.1 986 251758
NW_018394882.1 524 144464
NW_018394883.1 976 244025
NW_018394884.1 967 243895
NW_018394885.1 1122 253615
NW_018394886.1 735 167451
NW_018394887.1 357 74940
NW_018394888.1 643 142673
NW_018394889.1 321 104714
NW_018394890.1 807 192770
NW_018394891.1 823 174710
NW_018394892.1 716 185801
NW_018394893.1 1591 388033
NW_018394894.1 941 231498
NW_018394895.1 653 210416
NW_018394896.1 907 260760
NW_018394897.1 1245 407902
NW_018394898.1 1206 294418
NW_018394899.1 625 161777
NW_018394900.1 1367 312789
NW_018394901.1 600 147311
NW_018394902.1 976 341240
NW_018394903.1 1215 282377
NW_018394904.1 831 177226
NW_018394905.1 743 206907
NW_018394906.1 454 104075
NW_018394907.1 713 171672
NW_018394908.1 790 203215
NW_018394909.1 1442 341336
NW_018394910.1 1467 370117
NW_018394911.1 647 141574
NW_018394912.1 797 191946
NW_018394913.1 760 157915
NW_018394914.1 991 215314
NW_018394915.1 744 159616
NW_018394916.1 882 180269
NW_018394917.1 909 202321
NW_018394918.1 768 161049
NW_018394919.1 749 146853
NW_018394920.1 468 132506
NW_018394921.1 1025 240662
NW_018394922.1 530 126860
NW_018394923.1 849 174310
NW_018394924.1 1008 224530
NW_018394925.1 1393 301673
NW_018394926.1 354 70206
NW_018394927.1 986 217390
NW_018394928.1 1048 242004
NW_018394929.1 857 178649
NW_018394930.1 928 210832
NW_018394931.1 613 121245
NW_018394932.1 710 181457
NW_018394933.1 506 132553
NW_018394934.1 775 342458
NW_018394935.1 575 165941
NW_018394936.1 383 93589
NW_018394937.1 526 122013
NW_018394938.1 516 125020
NW_018394939.1 500 139104
NW_018394940.1 665 164048
NW_018394941.1 767 209148
NW_018394942.1 768 166127
NW_018394943.1 777 186999
NW_018394944.1 977 250656
NW_018394945.1 1165 278598
NW_018394946.1 1449 331876
NW_018394947.1 1422 315873
NW_018394948.1 469 99053
NW_018394949.1 931 214187
NW_018394950.1 1102 224656
NW_018394951.1 1078 237716
NW_018394952.1 560 130428
NW_018394953.1 442 124975
NW_018394954.1 260 72641
NW_018394955.1 581 166002
NW_018394956.1 724 175721
NW_018394957.1 1199 275042
NW_018394958.1 528 125161
NW_018394959.1 322 208363
NW_018394960.1 586 150962
NW_018394961.1 723 222022
NW_018394962.1 801 193687
NW_018394963.1 412 80877
NW_018394964.1 861 191795
NW_018394965.1 854 198519
NW_018394966.1 773 173136
NW_018394967.1 1133 251545
NW_018394968.1 700 155017
NW_018394969.1 704 179153
NW_018394970.1 1299 299021
NW_018394971.1 443 106447
NW_018394972.1 770 186305
NW_018394973.1 922 222940
NW_018394974.1 940 214343
NW_018394975.1 746 166010
NW_018394976.1 794 183728
NW_018394977.1 1098 230392
NW_018394978.1 891 192219
NW_018394979.1 984 231023
NW_018394980.1 799 168418
NW_018394981.1 938 224263
NW_018394982.1 571 109489
NW_018394983.1 603 140316
NW_018394984.1 624 137618
NW_018394985.1 708 147721
NW_018394986.1 1289 289523
NW_018394987.1 793 176417
NW_018394988.1 1348 317026
NW_018394989.1 610 142221
NW_018394990.1 573 127254
NW_018394991.1 742 158399
NW_018394992.1 936 195596
NW_018394993.1 764 189387
NW_018394994.1 732 158681
NW_018394995.1 1169 281700
NW_018394996.1 523 107558
NW_018394997.1 1099 342341
NW_018394998.1 1119 299325
NW_018394999.1 610 153491
NW_018395000.1 980 175256
NW_018395001.1 909 192569
NW_018395002.1 682 132726
NW_018395003.1 1067 228080
NW_018395004.1 353 70263
NW_018395005.1 1164 248255
NW_018395006.1 962 198855
NW_018395007.1 950 186772
NW_018395008.1 649 115826
NW_018395009.1 587 125128
NW_018395010.1 826 178695
NW_018395011.1 468 99705
NW_018395012.1 526 107755
NW_018395013.1 543 122416
NW_018395014.1 1367 292743
NW_018395015.1 997 247995
NW_018395016.1 532 110810
NW_018395017.1 1572 377262
NW_018395018.1 1031 236280
NW_018395019.1 946 234624
NW_018395020.1 1544 377785
NW_018395021.1 768 174474
NW_018395022.1 1409 328808
NW_018395023.1 824 193715
NW_018395024.1 863 210734
NW_018395025.1 883 211244
NW_018395026.1 554 124268
NW_018395027.1 1028 281772
NW_018395028.1 674 207149
NW_018395029.1 786 186176
NW_018395030.1 828 188801
NW_018395031.1 990 290589
NW_018395032.1 349 206103
NW_018395033.1 484 296205
NW_018395034.1 469 150325
NW_018395035.1 600 196105
NW_018395036.1 1377 367668
NW_018395037.1 812 235151
NW_018395038.1 366 95929
NW_018395039.1 550 149708
NW_018395040.1 769 188591
NW_018395041.1 891 193709
NW_018395042.1 1409 285254
NW_018395043.1 814 180548
NW_018395044.1 1055 234563
NW_018395045.1 972 215308
NW_018395046.1 665 174554
NW_018395047.1 646 153846
NW_018395048.1 607 118399
NW_018395049.1 862 181572
NW_018395050.1 820 161251
NW_018395051.1 525 112106
NW_018395052.1 1541 411049
NW_018395053.1 699 152652
NW_018395054.1 644 138024
NW_018395055.1 814 192915
NW_018395056.1 968 205699
NW_018395057.1 671 149778
NW_018395058.1 619 145228
NW_018395059.1 958 199653
NW_018395060.1 682 152323
NW_018395061.1 586 138498
NW_018395062.1 1013 264465
NW_018395063.1 1042 274018
NW_018395064.1 600 157819
NW_018395065.1 586 138806
NW_018395066.1 684 153942
NW_018395067.1 718 176529
NW_018395068.1 824 205650
NW_018395069.1 816 212777
NW_018395070.1 917 190450
NW_018395071.1 622 126774
NW_018395072.1 600 122330
NW_018395073.1 664 144600
NW_018395074.1 1499 349053
NW_018395075.1 951 215412
NW_018395076.1 984 243956
NW_018395077.1 733 188072
NW_018395078.1 771 194690
NW_018395079.1 818 190878
NW_018395080.1 1141 225362
NW_018395081.1 515 175361
NW_018395082.1 604 128845
NW_018395083.1 733 154688
NW_018395084.1 762 162793
NW_018395085.1 866 203968
NW_018395086.1 504 143640
NW_018395087.1 1247 299779
NW_018395088.1 867 190314
NW_018395089.1 886 217595
NW_018395090.1 670 157891
NW_018395091.1 698 164215
NW_018395092.1 468 114905
NW_018395093.1 731 175909
NW_018395094.1 1161 377515
NW_018395095.1 753 166151
NW_018395096.1 1084 261568
NW_018395097.1 1275 302208
NW_018395098.1 692 141601
NW_018395099.1 934 196417
NW_018395100.1 697 151685
NW_018395101.1 535 152510
NW_018395102.1 1301 328544
NW_018395103.1 1002 213956
NW_018395104.1 940 225241
NW_018395105.1 774 177796
NW_018395106.1 880 212250
NW_018395107.1 1326 391448
NW_018395108.1 765 251998
NW_018395109.1 385 177566
NW_018395110.1 608 209485
NW_018395111.1 492 137642
NW_018395112.1 818 185867
NW_018395113.1 745 185338
NW_018395114.1 827 374907
NW_018395115.1 792 259734
NW_018395116.1 365 130111
NW_018395117.1 880 239710
NW_018395118.1 835 222884
NW_018395119.1 633 175523
NW_018395120.1 881 285685
NW_018395121.1 1221 323934
NW_018395122.1 289 69836
NW_018395123.1 629 133191
NW_018395124.1 554 126122
NW_018395125.1 739 150323
NW_018395126.1 385 84930
NW_018395127.1 952 240362
NW_018395128.1 673 173136
NW_018395129.1 656 158331
NW_018395130.1 617 242971
NW_018395131.1 130 93818
NW_018395132.1 1069 381759
NW_018395133.1 834 189108
NW_018395134.1 836 212049
NW_018395135.1 785 196262
NW_018395136.1 1300 325726
NW_018395137.1 1168 245047
NW_018395138.1 958 320747
NW_018395139.1 698 213250
NW_018395140.1 861 197094
NW_018395141.1 887 232443
NW_018395142.1 809 190162
NW_018395143.1 852 194394
NW_018395144.1 1064 295389
NW_018395145.1 1087 262168
NW_018395146.1 731 174146
NW_018395147.1 356 75733
NW_018395148.1 819 187788
NW_018395149.1 445 110953
NW_018395150.1 700 147340
NW_018395151.1 773 159870
NW_018395152.1 532 121194
NW_018395153.1 700 168817
NW_018395154.1 1206 261809
NW_018395155.1 1511 336471
NW_018395156.1 344 67133
NW_018395157.1 741 171473
NW_018395158.1 1528 329945
NW_018395159.1 1035 245195
NW_018395160.1 545 119239
NW_018395161.1 986 219766
NW_018395162.1 837 178960
NW_018395163.1 416 104057
NW_018395164.1 675 133861
NW_018395165.1 1050 276786
NW_018395166.1 396 213434
NW_018395167.1 698 166767
NW_018395168.1 905 220388
NW_018395169.1 742 207780
NW_018395170.1 556 120109
NW_018395171.1 1115 263833
NW_018395172.1 703 161488
NW_018395173.1 888 226937
NW_018395174.1 1073 222346
NW_018395175.1 529 111543
NW_018395176.1 901 196756
NW_018395177.1 726 166568
NW_018395178.1 859 196083
NW_018395179.1 922 224066
NW_018395180.1 564 116650
NW_018395181.1 572 127428
NW_018395182.1 732 167696
NW_018395183.1 691 167561
NW_018395184.1 1037 215001
NW_018395185.1 923 182939
NW_018395186.1 914 209751
NW_018395187.1 497 109975
NW_018395188.1 910 206552
NW_018395189.1 518 101461
NW_018395190.1 476 114906
NW_018395191.1 483 135830
NW_018395192.1 1282 291623
NW_018395193.1 331 80311
NW_018395194.1 830 213402
NW_018395195.1 721 179922
NW_018395196.1 752 191141
NW_018395197.1 884 192195
NW_018395198.1 369 83447
NW_018395199.1 539 143707
NW_018395200.1 809 197184
NW_018395201.1 653 159308
NW_018395202.1 686 178241
NW_018395203.1 1596 367454
NW_018395204.1 518 118628
NW_018395205.1 2093 526838
NW_018395206.1 1451 347781
NW_018395207.1 814 223710
NW_018395208.1 439 127076
NW_018395209.1 1101 277616
NW_018395210.1 1868 440407
NW_018395211.1 789 183205
NW_018395212.1 442 108876
NW_018395213.1 1426 381192
NW_018395214.1 526 112566
NW_018395215.1 283 96304
NW_018395216.1 1856 519315
NW_018395217.1 504 105680
NW_018395218.1 610 166525
NW_018395219.1 566 135725
NW_018395220.1 1262 277253
NW_018395221.1 857 208944
NW_018395222.1 895 198742
NW_018395223.1 1215 275465
NW_018395224.1 1168 286972
NW_018395225.1 1005 330047
NW_018395226.1 874 180893
NW_018395227.1 1141 280524
NW_018395228.1 1307 319379
NW_018395229.1 623 161220
NW_018395230.1 841 150931
NW_018395231.1 1114 222340
NW_018395232.1 805 155713
NW_018395233.1 876 331195
NW_018395234.1 977 242417
NW_018395235.1 909 227470
NW_018395236.1 656 180467
NW_018395237.1 427 136519
NW_018395238.1 472 106597
NW_018395239.1 311 76094
NW_018395240.1 714 168399
NW_018395241.1 721 154496
NW_018395242.1 1061 276564
NW_018395243.1 431 106616
NW_018395244.1 517 112669
NW_018395245.1 174 206751
NW_018395246.1 641 140958
NW_018395247.1 608 180198
NW_018395248.1 1241 265526
NW_018395249.1 1899 393304
NW_018395250.1 319 79399
NW_018395251.1 866 435709
NW_018395252.1 1241 362840
NW_018395253.1 986 297714
NW_018395254.1 710 172429
NW_018395255.1 603 136618
NW_018395256.1 566 151955
NW_018395257.1 457 108015
NW_018395258.1 870 187238
NW_018395259.1 1182 268477
NW_018395260.1 782 183550
NW_018395261.1 759 164404
NW_018395262.1 1292 285705
NW_018395263.1 448 107257
NW_018395264.1 1182 278504
NW_018395265.1 971 202799
NW_018395266.1 675 162978
NW_018395267.1 387 72335
NW_018395268.1 642 173477
NW_018395269.1 1370 315113
NW_018395270.1 1252 266358
NW_018395271.1 509 137224
NW_018395272.1 823 187259
NW_018395273.1 810 179462
NW_018395274.1 728 161466
NW_018395275.1 404 77890
NW_018395276.1 872 233840
NW_018395277.1 1101 279647
NW_018395278.1 847 213391
NW_018395279.1 1085 243949
NW_018395280.1 248 94555
NW_018395281.1 526 139814
NW_018395282.1 1224 298510
NW_018395283.1 695 149997
NW_018395284.1 761 189684
NW_018395285.1 1219 263419
NW_018395286.1 602 150631
NW_018395287.1 672 141361
NW_018395288.1 428 90237
NW_018395289.1 1255 294660
NW_018395290.1 762 152194
NW_018395291.1 627 158905
NW_018395292.1 526 122229
NW_018395293.1 1047 250865
NW_018395294.1 553 107436
NW_018395295.1 866 233029
NW_018395296.1 868 358557
NW_018395297.1 695 175744
NW_018395298.1 940 211319
NW_018395299.1 544 147188
NW_018395300.1 961 228576
NW_018395301.1 1561 410299
NW_018395302.1 403 116334
NW_018395303.1 915 194229
NW_018395304.1 396 98232
NW_018395305.1 898 216753
NW_018395306.1 841 206044
NW_018395307.1 811 198308
NW_018395308.1 567 145471
NW_018395309.1 880 189866
NW_018395310.1 836 166350
NW_018395311.1 1018 257407
NW_018395312.1 875 269092
NW_018395313.1 804 200449
NW_018395314.1 1252 326044
NW_018395315.1 638 172941
NW_018395316.1 1078 254244
NW_018395317.1 745 147888
NW_018395318.1 889 206488
NW_018395319.1 798 183785
NW_018395320.1 695 308300
NW_018395321.1 533 145745
NW_018395322.1 502 117052
NW_018395323.1 1156 263038
NW_018395324.1 982 230165
NW_018395325.1 546 120268
NW_018395326.1 1261 286576
NW_018395327.1 802 182254
NW_018395328.1 786 176394
NW_018395329.1 597 150526
NW_018395330.1 604 174066
NW_018395331.1 911 223225
NW_018395332.1 437 101910
NW_018395333.1 1148 238496
NW_018395334.1 435 104031
NW_018395335.1 1361 289643
NW_018395336.1 964 215095
NW_018395337.1 476 97222
NW_018395338.1 777 166103
NW_018395339.1 785 188109
NW_018395340.1 479 109203
NW_018395341.1 1177 317800
NW_018395342.1 1486 366933
NW_018395343.1 677 181492
NW_018395344.1 853 184218
NW_018395345.1 578 157842
NW_018395346.1 596 134559
NW_018395347.1 853 184942
NW_018395348.1 858 183394
NW_018395349.1 1209 274785
NW_018395350.1 696 146258
NW_018395351.1 524 153675
NW_018395352.1 1435 368110
NW_018395353.1 850 252653
NW_018395354.1 439 107286
NW_018395355.1 199 148360
NW_018395356.1 1272 310566
NW_018395357.1 687 166713
NW_018395358.1 1167 309750
NW_018395359.1 897 208372
NW_018395360.1 781 239172
NW_018395361.1 801 202431
NW_018395362.1 1168 294496
NW_018395363.1 591 148081
NW_018395364.1 531 138986
NW_018395365.1 402 87308
NW_018395366.1 474 121071
NW_018395367.1 756 175217
NW_018395368.1 666 125954
NW_018395369.1 1134 264824
NW_018395370.1 951 225117
NW_018395371.1 1014 246976
NW_018395372.1 751 175857
NW_018395373.1 841 247760
NW_018395374.1 712 178056
NW_018395375.1 1005 218153
NW_018395376.1 1085 272086
NW_018395377.1 599 127256
NW_018395378.1 596 131956
NW_018395379.1 397 86040
NW_018395380.1 1296 301705
NW_018395381.1 697 159398
NW_018395382.1 790 186573
NW_018395383.1 1581 410388
NW_018395384.1 784 362898
NW_018395385.1 872 236005
NW_018395386.1 492 113965
NW_018395387.1 945 213335
NW_018395388.1 530 286011
NW_018395389.1 410 110519
