chrom	window_index	window_start	window_end	window_size	te_bp	te_fraction	te_count
NC_007112.7	0	1	1000000	1000000	634442	0.634442	3929
NC_007112.7	1	1000001	2000000	1000000	648724	0.648724	3133
NC_007112.7	2	2000001	3000000	1000000	618069	0.618069	3266
NC_007112.7	3	3000001	4000000	1000000	686425	0.686425	3659
NC_007112.7	4	4000001	5000000	1000000	634211	0.634211	3378
NC_007112.7	5	5000001	6000000	1000000	600787	0.600787	3012
NC_007112.7	6	6000001	7000000	1000000	614636	0.614636	3043
NC_007112.7	7	7000001	8000000	1000000	591790	0.59179	3067
NC_007112.7	8	8000001	9000000	1000000	596820	0.59682	2856
NC_007112.7	9	9000001	10000000	1000000	580639	0.580639	2598
NC_007112.7	10	10000001	11000000	1000000	613630	0.61363	2808
NC_007112.7	11	11000001	12000000	1000000	627443	0.627443	2785
NC_007112.7	12	12000001	13000000	1000000	633090	0.63309	2960
NC_007112.7	13	13000001	14000000	1000000	607519	0.607519	2813
NC_007112.7	14	14000001	15000000	1000000	514858	0.514858	2298
NC_007112.7	15	15000001	16000000	1000000	591702	0.591702	2943
NC_007112.7	16	16000001	17000000	1000000	597193	0.597193	2731
NC_007112.7	17	17000001	18000000	1000000	599420	0.59942	2569
NC_007112.7	18	18000001	19000000	1000000	654134	0.654134	2608
NC_007112.7	19	19000001	20000000	1000000	581164	0.581164	2687
NC_007112.7	20	20000001	21000000	1000000	644070	0.64407	2715
NC_007112.7	21	21000001	22000000	1000000	608389	0.608389	2229
NC_007112.7	22	22000001	23000000	1000000	636610	0.63661	2514
NC_007112.7	23	23000001	24000000	1000000	580164	0.580164	2290
NC_007112.7	24	24000001	25000000	1000000	589238	0.589238	2137
NC_007112.7	25	25000001	26000000	1000000	617227	0.617227	2310
NC_007112.7	26	26000001	27000000	1000000	615914	0.615914	2195
NC_007112.7	27	27000001	28000000	1000000	819252	0.819252	1839
NC_007112.7	28	28000001	29000000	1000000	871618	0.871618	1817
NC_007112.7	29	29000001	30000000	1000000	669039	0.669039	2181
NC_007112.7	30	30000001	31000000	1000000	691091	0.691091	2591
NC_007112.7	31	31000001	32000000	1000000	600938	0.600938	2428
NC_007112.7	32	32000001	33000000	1000000	694700	0.6947	2483
NC_007112.7	33	33000001	34000000	1000000	671085	0.671085	2824
NC_007112.7	34	34000001	35000000	1000000	672509	0.672509	2413
NC_007112.7	35	35000001	36000000	1000000	652708	0.652708	1904
NC_007112.7	36	36000001	37000000	1000000	619522	0.619522	2715
NC_007112.7	37	37000001	38000000	1000000	657428	0.657428	2776
NC_007112.7	38	38000001	39000000	1000000	541822	0.541822	2596
NC_007112.7	39	39000001	40000000	1000000	432671	0.432671	1995
NC_007112.7	40	40000001	41000000	1000000	571988	0.571988	2559
NC_007112.7	41	41000001	42000000	1000000	553179	0.553179	2503
NC_007112.7	42	42000001	43000000	1000000	574069	0.574069	2779
NC_007112.7	43	43000001	44000000	1000000	636009	0.636009	2653
NC_007112.7	44	44000001	45000000	1000000	649106	0.649106	2488
NC_007112.7	45	45000001	46000000	1000000	554732	0.554732	2463
NC_007112.7	46	46000001	47000000	1000000	585210	0.58521	2709
NC_007112.7	47	47000001	48000000	1000000	604833	0.604833	2889
NC_007112.7	48	48000001	49000000	1000000	584048	0.584048	2940
NC_007112.7	49	49000001	50000000	1000000	629874	0.629874	3111
NC_007112.7	50	50000001	51000000	1000000	654743	0.654743	3092
NC_007112.7	51	51000001	52000000	1000000	607027	0.607027	3086
NC_007112.7	52	52000001	53000000	1000000	608460	0.60846	2997
NC_007112.7	53	53000001	54000000	1000000	612580	0.61258	2883
NC_007112.7	54	54000001	55000000	1000000	631268	0.631268	2887
NC_007112.7	55	55000001	56000000	1000000	599736	0.599736	2701
NC_007112.7	56	56000001	57000000	1000000	657248	0.657248	2891
NC_007112.7	57	57000001	58000000	1000000	601673	0.601673	2486
NC_007112.7	58	58000001	59000000	1000000	550898	0.550898	2944
NC_007112.7	59	59000001	59578282	578282	334451	0.5783527759812687	1956
NC_007113.7	0	1	1000000	1000000	647374	0.647374	4251
NC_007113.7	1	1000001	2000000	1000000	707542	0.707542	3673
NC_007113.7	2	2000001	3000000	1000000	696762	0.696762	3336
NC_007113.7	3	3000001	4000000	1000000	718920	0.71892	3674
NC_007113.7	4	4000001	5000000	1000000	725762	0.725762	3571
NC_007113.7	5	5000001	6000000	1000000	731761	0.731761	3276
NC_007113.7	6	6000001	7000000	1000000	780976	0.780976	3342
NC_007113.7	7	7000001	8000000	1000000	729277	0.729277	3050
NC_007113.7	8	8000001	9000000	1000000	752119	0.752119	2980
NC_007113.7	9	9000001	10000000	1000000	732928	0.732928	2839
NC_007113.7	10	10000001	11000000	1000000	725968	0.725968	3039
NC_007113.7	11	11000001	12000000	1000000	746112	0.746112	2780
NC_007113.7	12	12000001	13000000	1000000	730495	0.730495	2527
NC_007113.7	13	13000001	14000000	1000000	848175	0.848175	2113
NC_007113.7	14	14000001	15000000	1000000	871593	0.871593	1518
NC_007113.7	15	15000001	16000000	1000000	656027	0.656027	2655
NC_007113.7	16	16000001	17000000	1000000	634890	0.63489	2561
NC_007113.7	17	17000001	18000000	1000000	635686	0.635686	2820
NC_007113.7	18	18000001	19000000	1000000	713734	0.713734	2778
NC_007113.7	19	19000001	20000000	1000000	656630	0.65663	2342
NC_007113.7	20	20000001	21000000	1000000	626697	0.626697	2579
NC_007113.7	21	21000001	22000000	1000000	591764	0.591764	2472
NC_007113.7	22	22000001	23000000	1000000	584673	0.584673	2432
NC_007113.7	23	23000001	24000000	1000000	585886	0.585886	2201
NC_007113.7	24	24000001	25000000	1000000	520349	0.520349	2215
NC_007113.7	25	25000001	26000000	1000000	520567	0.520567	2349
NC_007113.7	26	26000001	27000000	1000000	555913	0.555913	2339
NC_007113.7	27	27000001	28000000	1000000	570464	0.570464	2446
NC_007113.7	28	28000001	29000000	1000000	628562	0.628562	3019
NC_007113.7	29	29000001	30000000	1000000	580001	0.580001	2542
NC_007113.7	30	30000001	31000000	1000000	512689	0.512689	2224
NC_007113.7	31	31000001	32000000	1000000	511260	0.51126	2055
NC_007113.7	32	32000001	33000000	1000000	567250	0.56725	2277
NC_007113.7	33	33000001	34000000	1000000	500706	0.500706	2303
NC_007113.7	34	34000001	35000000	1000000	563952	0.563952	2583
NC_007113.7	35	35000001	36000000	1000000	528385	0.528385	2214
NC_007113.7	36	36000001	37000000	1000000	505620	0.50562	2100
NC_007113.7	37	37000001	38000000	1000000	529993	0.529993	2348
NC_007113.7	38	38000001	39000000	1000000	533026	0.533026	2378
NC_007113.7	39	39000001	40000000	1000000	590240	0.59024	2614
NC_007113.7	40	40000001	41000000	1000000	593116	0.593116	2650
NC_007113.7	41	41000001	42000000	1000000	605064	0.605064	2629
NC_007113.7	42	42000001	43000000	1000000	619643	0.619643	2810
NC_007113.7	43	43000001	44000000	1000000	626085	0.626085	2800
NC_007113.7	44	44000001	45000000	1000000	618676	0.618676	2770
NC_007113.7	45	45000001	46000000	1000000	640208	0.640208	2690
NC_007113.7	46	46000001	47000000	1000000	654471	0.654471	3277
NC_007113.7	47	47000001	48000000	1000000	639385	0.639385	2755
NC_007113.7	48	48000001	49000000	1000000	657039	0.657039	2761
NC_007113.7	49	49000001	50000000	1000000	732407	0.732407	2955
NC_007113.7	50	50000001	51000000	1000000	720179	0.720179	3076
NC_007113.7	51	51000001	52000000	1000000	769200	0.7692	2958
NC_007113.7	52	52000001	53000000	1000000	779206	0.779206	3167
NC_007113.7	53	53000001	54000000	1000000	788032	0.788032	3396
NC_007113.7	54	54000001	55000000	1000000	807408	0.807408	3486
NC_007113.7	55	55000001	56000000	1000000	805495	0.805495	3397
NC_007113.7	56	56000001	57000000	1000000	825463	0.825463	3328
NC_007113.7	57	57000001	58000000	1000000	763983	0.763983	3398
NC_007113.7	58	58000001	59000000	1000000	762911	0.762911	3888
NC_007113.7	59	59000001	59640629	640629	504236	0.7870951830154427	1934
NC_007114.7	0	1	1000000	1000000	756963	0.756963	2829
NC_007114.7	1	1000001	2000000	1000000	707768	0.707768	2696
NC_007114.7	2	2000001	3000000	1000000	774579	0.774579	2075
NC_007114.7	3	3000001	4000000	1000000	633881	0.633881	2344
NC_007114.7	4	4000001	5000000	1000000	766720	0.76672	2214
NC_007114.7	5	5000001	6000000	1000000	775502	0.775502	3284
NC_007114.7	6	6000001	7000000	1000000	784485	0.784485	2687
NC_007114.7	7	7000001	8000000	1000000	867514	0.867514	3007
NC_007114.7	8	8000001	9000000	1000000	688271	0.688271	2635
NC_007114.7	9	9000001	10000000	1000000	768432	0.768432	2844
NC_007114.7	10	10000001	11000000	1000000	751506	0.751506	2791
NC_007114.7	11	11000001	12000000	1000000	768980	0.76898	2857
NC_007114.7	12	12000001	13000000	1000000	669810	0.66981	3055
NC_007114.7	13	13000001	14000000	1000000	690915	0.690915	3099
NC_007114.7	14	14000001	15000000	1000000	681106	0.681106	2895
NC_007114.7	15	15000001	16000000	1000000	635147	0.635147	3024
NC_007114.7	16	16000001	17000000	1000000	659888	0.659888	3022
NC_007114.7	17	17000001	18000000	1000000	668797	0.668797	3127
NC_007114.7	18	18000001	19000000	1000000	613109	0.613109	2838
NC_007114.7	19	19000001	20000000	1000000	645831	0.645831	2805
NC_007114.7	20	20000001	21000000	1000000	626305	0.626305	2775
NC_007114.7	21	21000001	22000000	1000000	602683	0.602683	2619
NC_007114.7	22	22000001	23000000	1000000	532387	0.532387	2537
NC_007114.7	23	23000001	24000000	1000000	453957	0.453957	2090
NC_007114.7	24	24000001	25000000	1000000	517029	0.517029	2462
NC_007114.7	25	25000001	26000000	1000000	552462	0.552462	2468
NC_007114.7	26	26000001	27000000	1000000	555250	0.55525	2370
NC_007114.7	27	27000001	28000000	1000000	540063	0.540063	2445
NC_007114.7	28	28000001	29000000	1000000	554643	0.554643	2201
NC_007114.7	29	29000001	30000000	1000000	583524	0.583524	2595
NC_007114.7	30	30000001	31000000	1000000	530180	0.53018	2344
NC_007114.7	31	31000001	32000000	1000000	509120	0.50912	2290
NC_007114.7	32	32000001	33000000	1000000	472504	0.472504	2018
NC_007114.7	33	33000001	34000000	1000000	498762	0.498762	2222
NC_007114.7	34	34000001	35000000	1000000	501142	0.501142	2284
NC_007114.7	35	35000001	36000000	1000000	590350	0.59035	2289
NC_007114.7	36	36000001	37000000	1000000	512073	0.512073	2146
NC_007114.7	37	37000001	38000000	1000000	619645	0.619645	2577
NC_007114.7	38	38000001	39000000	1000000	637481	0.637481	2520
NC_007114.7	39	39000001	40000000	1000000	547010	0.54701	2521
NC_007114.7	40	40000001	41000000	1000000	541787	0.541787	2412
NC_007114.7	41	41000001	42000000	1000000	538955	0.538955	2391
NC_007114.7	42	42000001	43000000	1000000	677682	0.677682	2728
NC_007114.7	43	43000001	44000000	1000000	626777	0.626777	2742
NC_007114.7	44	44000001	45000000	1000000	654151	0.654151	2863
NC_007114.7	45	45000001	46000000	1000000	658194	0.658194	2571
NC_007114.7	46	46000001	47000000	1000000	681592	0.681592	2558
NC_007114.7	47	47000001	48000000	1000000	674150	0.67415	3087
NC_007114.7	48	48000001	49000000	1000000	748084	0.748084	3132
NC_007114.7	49	49000001	50000000	1000000	798052	0.798052	2540
NC_007114.7	50	50000001	51000000	1000000	812137	0.812137	2316
NC_007114.7	51	51000001	52000000	1000000	688136	0.688136	2923
NC_007114.7	52	52000001	53000000	1000000	724810	0.72481	2724
NC_007114.7	53	53000001	54000000	1000000	663399	0.663399	2857
NC_007114.7	54	54000001	55000000	1000000	655649	0.655649	2824
NC_007114.7	55	55000001	56000000	1000000	666900	0.6669	2851
NC_007114.7	56	56000001	57000000	1000000	763006	0.763006	3180
NC_007114.7	57	57000001	58000000	1000000	712066	0.712066	2897
NC_007114.7	58	58000001	59000000	1000000	703219	0.703219	3034
NC_007114.7	59	59000001	60000000	1000000	727099	0.727099	3449
NC_007114.7	60	60000001	61000000	1000000	709718	0.709718	3250
NC_007114.7	61	61000001	62000000	1000000	725854	0.725854	3672
NC_007114.7	62	62000001	62628489	628489	423624	0.6740356633131208	2243
NC_007115.7	0	1	1000000	1000000	598843	0.598843	3665
NC_007115.7	1	1000001	2000000	1000000	551276	0.551276	3211
NC_007115.7	2	2000001	3000000	1000000	526278	0.526278	2985
NC_007115.7	3	3000001	4000000	1000000	456791	0.456791	2585
NC_007115.7	4	4000001	5000000	1000000	530480	0.53048	2949
NC_007115.7	5	5000001	6000000	1000000	492620	0.49262	2607
NC_007115.7	6	6000001	7000000	1000000	461793	0.461793	2587
NC_007115.7	7	7000001	8000000	1000000	535625	0.535625	2725
NC_007115.7	8	8000001	9000000	1000000	448417	0.448417	2514
NC_007115.7	9	9000001	10000000	1000000	430298	0.430298	2285
NC_007115.7	10	10000001	11000000	1000000	389729	0.389729	2090
NC_007115.7	11	11000001	12000000	1000000	396815	0.396815	2189
NC_007115.7	12	12000001	13000000	1000000	399309	0.399309	2165
NC_007115.7	13	13000001	14000000	1000000	382008	0.382008	1870
NC_007115.7	14	14000001	15000000	1000000	403596	0.403596	2056
NC_007115.7	15	15000001	16000000	1000000	391803	0.391803	1888
NC_007115.7	16	16000001	17000000	1000000	421560	0.42156	2138
NC_007115.7	17	17000001	18000000	1000000	388219	0.388219	1964
NC_007115.7	18	18000001	19000000	1000000	431916	0.431916	2067
NC_007115.7	19	19000001	20000000	1000000	425082	0.425082	2189
NC_007115.7	20	20000001	21000000	1000000	328563	0.328563	1726
NC_007115.7	21	21000001	22000000	1000000	518914	0.518914	2250
NC_007115.7	22	22000001	23000000	1000000	453191	0.453191	2205
NC_007115.7	23	23000001	24000000	1000000	488089	0.488089	2279
NC_007115.7	24	24000001	25000000	1000000	551651	0.551651	2903
NC_007115.7	25	25000001	26000000	1000000	557948	0.557948	2692
NC_007115.7	26	26000001	27000000	1000000	784835	0.784835	1914
NC_007115.7	27	27000001	28000000	1000000	631123	0.631123	2785
NC_007115.7	28	28000001	29000000	1000000	663024	0.663024	2181
NC_007115.7	29	29000001	30000000	1000000	809945	0.809945	2232
NC_007115.7	30	30000001	31000000	1000000	777907	0.777907	1945
NC_007115.7	31	31000001	32000000	1000000	802387	0.802387	1468
NC_007115.7	32	32000001	33000000	1000000	753714	0.753714	1873
NC_007115.7	33	33000001	34000000	1000000	772527	0.772527	1803
NC_007115.7	34	34000001	35000000	1000000	716252	0.716252	1788
NC_007115.7	35	35000001	36000000	1000000	686326	0.686326	1962
NC_007115.7	36	36000001	37000000	1000000	616576	0.616576	1459
NC_007115.7	37	37000001	38000000	1000000	708570	0.70857	1620
NC_007115.7	38	38000001	39000000	1000000	696327	0.696327	1607
NC_007115.7	39	39000001	40000000	1000000	782533	0.782533	2043
NC_007115.7	40	40000001	41000000	1000000	706635	0.706635	1904
NC_007115.7	41	41000001	42000000	1000000	782747	0.782747	1961
NC_007115.7	42	42000001	43000000	1000000	756085	0.756085	1857
NC_007115.7	43	43000001	44000000	1000000	748479	0.748479	1638
NC_007115.7	44	44000001	45000000	1000000	633377	0.633377	1554
NC_007115.7	45	45000001	46000000	1000000	485833	0.485833	1233
NC_007115.7	46	46000001	47000000	1000000	408216	0.408216	1166
NC_007115.7	47	47000001	48000000	1000000	783598	0.783598	1872
NC_007115.7	48	48000001	49000000	1000000	570913	0.570913	1320
NC_007115.7	49	49000001	50000000	1000000	785604	0.785604	2252
NC_007115.7	50	50000001	51000000	1000000	772300	0.7723	1838
NC_007115.7	51	51000001	52000000	1000000	688286	0.688286	1503
NC_007115.7	52	52000001	53000000	1000000	773490	0.77349	1700
NC_007115.7	53	53000001	54000000	1000000	796783	0.796783	3072
NC_007115.7	54	54000001	55000000	1000000	826995	0.826995	2218
NC_007115.7	55	55000001	56000000	1000000	732587	0.732587	2224
NC_007115.7	56	56000001	57000000	1000000	771213	0.771213	1814
NC_007115.7	57	57000001	58000000	1000000	779066	0.779066	1701
NC_007115.7	58	58000001	59000000	1000000	714768	0.714768	1561
NC_007115.7	59	59000001	60000000	1000000	728719	0.728719	1756
NC_007115.7	60	60000001	61000000	1000000	765396	0.765396	1966
NC_007115.7	61	61000001	62000000	1000000	731442	0.731442	1613
NC_007115.7	62	62000001	63000000	1000000	831701	0.831701	2199
NC_007115.7	63	63000001	64000000	1000000	692882	0.692882	3305
NC_007115.7	64	64000001	65000000	1000000	747002	0.747002	1849
NC_007115.7	65	65000001	66000000	1000000	667250	0.66725	1708
NC_007115.7	66	66000001	67000000	1000000	475966	0.475966	1151
NC_007115.7	67	67000001	68000000	1000000	751595	0.751595	2093
NC_007115.7	68	68000001	69000000	1000000	763120	0.76312	1906
NC_007115.7	69	69000001	70000000	1000000	744275	0.744275	1871
NC_007115.7	70	70000001	71000000	1000000	821279	0.821279	2167
NC_007115.7	71	71000001	72000000	1000000	796108	0.796108	2447
NC_007115.7	72	72000001	73000000	1000000	815265	0.815265	3178
NC_007115.7	73	73000001	74000000	1000000	828028	0.828028	3115
NC_007115.7	74	74000001	75000000	1000000	808531	0.808531	3322
NC_007115.7	75	75000001	76000000	1000000	780299	0.780299	2868
NC_007115.7	76	76000001	77000000	1000000	734522	0.734522	2765
NC_007115.7	77	77000001	78000000	1000000	628551	0.628551	2643
NC_007115.7	78	78000001	78093715	93715	56756	0.605623432748226	272
NC_007116.7	0	1	1000000	1000000	787718	0.787718	3400
NC_007116.7	1	1000001	2000000	1000000	777924	0.777924	3730
NC_007116.7	2	2000001	3000000	1000000	787838	0.787838	3601
NC_007116.7	3	3000001	4000000	1000000	788553	0.788553	3353
NC_007116.7	4	4000001	5000000	1000000	797641	0.797641	3122
NC_007116.7	5	5000001	6000000	1000000	749501	0.749501	3176
NC_007116.7	6	6000001	7000000	1000000	812642	0.812642	3426
NC_007116.7	7	7000001	8000000	1000000	816163	0.816163	3660
NC_007116.7	8	8000001	9000000	1000000	750248	0.750248	3179
NC_007116.7	9	9000001	10000000	1000000	743150	0.74315	2989
NC_007116.7	10	10000001	11000000	1000000	747403	0.747403	3032
NC_007116.7	11	11000001	12000000	1000000	731830	0.73183	3088
NC_007116.7	12	12000001	13000000	1000000	712066	0.712066	3111
NC_007116.7	13	13000001	14000000	1000000	692205	0.692205	3241
NC_007116.7	14	14000001	15000000	1000000	657830	0.65783	2968
NC_007116.7	15	15000001	16000000	1000000	633794	0.633794	2954
NC_007116.7	16	16000001	17000000	1000000	612784	0.612784	2818
NC_007116.7	17	17000001	18000000	1000000	614963	0.614963	2758
NC_007116.7	18	18000001	19000000	1000000	587606	0.587606	2733
NC_007116.7	19	19000001	20000000	1000000	536725	0.536725	2542
NC_007116.7	20	20000001	21000000	1000000	588745	0.588745	2586
NC_007116.7	21	21000001	22000000	1000000	589862	0.589862	2709
NC_007116.7	22	22000001	23000000	1000000	588438	0.588438	2393
NC_007116.7	23	23000001	24000000	1000000	581473	0.581473	2340
NC_007116.7	24	24000001	25000000	1000000	510982	0.510982	2318
NC_007116.7	25	25000001	26000000	1000000	560735	0.560735	2248
NC_007116.7	26	26000001	27000000	1000000	563460	0.56346	2435
NC_007116.7	27	27000001	28000000	1000000	593778	0.593778	2343
NC_007116.7	28	28000001	29000000	1000000	537794	0.537794	2367
NC_007116.7	29	29000001	30000000	1000000	528906	0.528906	2206
NC_007116.7	30	30000001	31000000	1000000	491219	0.491219	2173
NC_007116.7	31	31000001	32000000	1000000	534670	0.53467	2340
NC_007116.7	32	32000001	33000000	1000000	521299	0.521299	2208
NC_007116.7	33	33000001	34000000	1000000	573606	0.573606	2491
NC_007116.7	34	34000001	35000000	1000000	561234	0.561234	2306
NC_007116.7	35	35000001	36000000	1000000	493062	0.493062	2156
NC_007116.7	36	36000001	37000000	1000000	541534	0.541534	2506
NC_007116.7	37	37000001	38000000	1000000	537197	0.537197	2482
NC_007116.7	38	38000001	39000000	1000000	592447	0.592447	2461
NC_007116.7	39	39000001	40000000	1000000	543738	0.543738	2340
NC_007116.7	40	40000001	41000000	1000000	534680	0.53468	2390
NC_007116.7	41	41000001	42000000	1000000	535485	0.535485	2033
NC_007116.7	42	42000001	43000000	1000000	613413	0.613413	1904
NC_007116.7	43	43000001	44000000	1000000	588225	0.588225	2120
NC_007116.7	44	44000001	45000000	1000000	596961	0.596961	2701
NC_007116.7	45	45000001	46000000	1000000	645561	0.645561	2561
NC_007116.7	46	46000001	47000000	1000000	619822	0.619822	2624
NC_007116.7	47	47000001	48000000	1000000	802437	0.802437	2050
NC_007116.7	48	48000001	49000000	1000000	559977	0.559977	2825
NC_007116.7	49	49000001	50000000	1000000	557778	0.557778	2772
NC_007116.7	50	50000001	51000000	1000000	601675	0.601675	2742
NC_007116.7	51	51000001	52000000	1000000	633462	0.633462	2525
NC_007116.7	52	52000001	53000000	1000000	662409	0.662409	2601
NC_007116.7	53	53000001	54000000	1000000	728678	0.728678	1471
NC_007116.7	54	54000001	55000000	1000000	712350	0.71235	2117
NC_007116.7	55	55000001	56000000	1000000	713963	0.713963	2254
NC_007116.7	56	56000001	57000000	1000000	678583	0.678583	2616
NC_007116.7	57	57000001	58000000	1000000	669822	0.669822	2429
NC_007116.7	58	58000001	59000000	1000000	657910	0.65791	2603
NC_007116.7	59	59000001	60000000	1000000	682241	0.682241	2813
NC_007116.7	60	60000001	61000000	1000000	614147	0.614147	2954
NC_007116.7	61	61000001	62000000	1000000	676343	0.676343	2934
NC_007116.7	62	62000001	63000000	1000000	651118	0.651118	3043
NC_007116.7	63	63000001	64000000	1000000	670404	0.670404	3067
NC_007116.7	64	64000001	65000000	1000000	692424	0.692424	3039
NC_007116.7	65	65000001	66000000	1000000	681203	0.681203	3148
NC_007116.7	66	66000001	67000000	1000000	711952	0.711952	3189
NC_007116.7	67	67000001	68000000	1000000	701778	0.701778	3566
NC_007116.7	68	68000001	69000000	1000000	732738	0.732738	3660
NC_007116.7	69	69000001	70000000	1000000	704147	0.704147	3329
NC_007116.7	70	70000001	71000000	1000000	687004	0.687004	3606
NC_007116.7	71	71000001	72000000	1000000	640056	0.640056	4235
NC_007116.7	72	72000001	72500376	500376	300555	0.6006583049546741	2114
NC_007117.7	0	1	1000000	1000000	643073	0.643073	4166
NC_007117.7	1	1000001	2000000	1000000	684954	0.684954	3676
NC_007117.7	2	2000001	3000000	1000000	673997	0.673997	3464
NC_007117.7	3	3000001	4000000	1000000	653178	0.653178	3259
NC_007117.7	4	4000001	5000000	1000000	644684	0.644684	3249
NC_007117.7	5	5000001	6000000	1000000	623473	0.623473	3220
NC_007117.7	6	6000001	7000000	1000000	646585	0.646585	3156
NC_007117.7	7	7000001	8000000	1000000	611917	0.611917	3017
NC_007117.7	8	8000001	9000000	1000000	631881	0.631881	2949
NC_007117.7	9	9000001	10000000	1000000	638604	0.638604	2880
NC_007117.7	10	10000001	11000000	1000000	623618	0.623618	2915
NC_007117.7	11	11000001	12000000	1000000	614336	0.614336	2653
NC_007117.7	12	12000001	13000000	1000000	649840	0.64984	2869
NC_007117.7	13	13000001	14000000	1000000	661541	0.661541	2768
NC_007117.7	14	14000001	15000000	1000000	682027	0.682027	2875
NC_007117.7	15	15000001	16000000	1000000	715550	0.71555	2850
NC_007117.7	16	16000001	17000000	1000000	651032	0.651032	2422
NC_007117.7	17	17000001	18000000	1000000	796842	0.796842	1809
NC_007117.7	18	18000001	19000000	1000000	709374	0.709374	2205
NC_007117.7	19	19000001	20000000	1000000	714072	0.714072	2242
NC_007117.7	20	20000001	21000000	1000000	672089	0.672089	2001
NC_007117.7	21	21000001	22000000	1000000	650295	0.650295	2371
NC_007117.7	22	22000001	23000000	1000000	803938	0.803938	1725
NC_007117.7	23	23000001	24000000	1000000	804584	0.804584	2163
NC_007117.7	24	24000001	25000000	1000000	596839	0.596839	2422
NC_007117.7	25	25000001	26000000	1000000	613778	0.613778	2365
NC_007117.7	26	26000001	27000000	1000000	686892	0.686892	2303
NC_007117.7	27	27000001	28000000	1000000	585361	0.585361	2467
NC_007117.7	28	28000001	29000000	1000000	571738	0.571738	2503
NC_007117.7	29	29000001	30000000	1000000	535888	0.535888	2267
NC_007117.7	30	30000001	31000000	1000000	575872	0.575872	2485
NC_007117.7	31	31000001	32000000	1000000	565681	0.565681	2361
NC_007117.7	32	32000001	33000000	1000000	522964	0.522964	2406
NC_007117.7	33	33000001	34000000	1000000	557588	0.557588	2447
NC_007117.7	34	34000001	35000000	1000000	605128	0.605128	2212
NC_007117.7	35	35000001	36000000	1000000	554679	0.554679	2468
NC_007117.7	36	36000001	37000000	1000000	585985	0.585985	2569
NC_007117.7	37	37000001	38000000	1000000	552487	0.552487	2396
NC_007117.7	38	38000001	39000000	1000000	604713	0.604713	2529
NC_007117.7	39	39000001	40000000	1000000	529895	0.529895	2366
NC_007117.7	40	40000001	41000000	1000000	526892	0.526892	2223
NC_007117.7	41	41000001	42000000	1000000	573051	0.573051	2533
NC_007117.7	42	42000001	43000000	1000000	589818	0.589818	2643
NC_007117.7	43	43000001	44000000	1000000	544656	0.544656	2514
NC_007117.7	44	44000001	45000000	1000000	561167	0.561167	2607
NC_007117.7	45	45000001	46000000	1000000	624586	0.624586	2489
NC_007117.7	46	46000001	47000000	1000000	608709	0.608709	2712
NC_007117.7	47	47000001	48000000	1000000	654985	0.654985	3068
NC_007117.7	48	48000001	49000000	1000000	627662	0.627662	2943
NC_007117.7	49	49000001	50000000	1000000	613327	0.613327	2642
NC_007117.7	50	50000001	51000000	1000000	686215	0.686215	2832
NC_007117.7	51	51000001	52000000	1000000	649209	0.649209	2880
NC_007117.7	52	52000001	53000000	1000000	689950	0.68995	3232
NC_007117.7	53	53000001	54000000	1000000	693292	0.693292	3127
NC_007117.7	54	54000001	55000000	1000000	721001	0.721001	3364
NC_007117.7	55	55000001	56000000	1000000	749970	0.74997	3417
NC_007117.7	56	56000001	57000000	1000000	739708	0.739708	3479
NC_007117.7	57	57000001	58000000	1000000	759703	0.759703	3412
NC_007117.7	58	58000001	59000000	1000000	763877	0.763877	3615
NC_007117.7	59	59000001	60000000	1000000	756901	0.756901	4010
NC_007117.7	60	60000001	60270059	270059	184174	0.6819769013437804	1066
NC_007118.7	0	1	1000000	1000000	701635	0.701635	3243
NC_007118.7	1	1000001	2000000	1000000	794060	0.79406	3281
NC_007118.7	2	2000001	3000000	1000000	810244	0.810244	2272
NC_007118.7	3	3000001	4000000	1000000	750944	0.750944	2379
NC_007118.7	4	4000001	5000000	1000000	746859	0.746859	2516
NC_007118.7	5	5000001	6000000	1000000	759440	0.75944	2716
NC_007118.7	6	6000001	7000000	1000000	744201	0.744201	2693
NC_007118.7	7	7000001	8000000	1000000	789012	0.789012	3391
NC_007118.7	8	8000001	9000000	1000000	792807	0.792807	2631
NC_007118.7	9	9000001	10000000	1000000	746427	0.746427	3404
NC_007118.7	10	10000001	11000000	1000000	745627	0.745627	3238
NC_007118.7	11	11000001	12000000	1000000	764077	0.764077	3181
NC_007118.7	12	12000001	13000000	1000000	734807	0.734807	3387
NC_007118.7	13	13000001	14000000	1000000	732567	0.732567	3303
NC_007118.7	14	14000001	15000000	1000000	682221	0.682221	3075
NC_007118.7	15	15000001	16000000	1000000	679747	0.679747	3093
NC_007118.7	16	16000001	17000000	1000000	636614	0.636614	2877
NC_007118.7	17	17000001	18000000	1000000	571307	0.571307	2585
NC_007118.7	18	18000001	19000000	1000000	633216	0.633216	2736
NC_007118.7	19	19000001	20000000	1000000	620185	0.620185	2783
NC_007118.7	20	20000001	21000000	1000000	564504	0.564504	2443
NC_007118.7	21	21000001	22000000	1000000	561133	0.561133	2489
NC_007118.7	22	22000001	23000000	1000000	589106	0.589106	2610
NC_007118.7	23	23000001	24000000	1000000	648172	0.648172	2903
NC_007118.7	24	24000001	25000000	1000000	502840	0.50284	2290
NC_007118.7	25	25000001	26000000	1000000	508810	0.50881	2235
NC_007118.7	26	26000001	27000000	1000000	489988	0.489988	2162
NC_007118.7	27	27000001	28000000	1000000	482427	0.482427	2329
NC_007118.7	28	28000001	29000000	1000000	531274	0.531274	2401
NC_007118.7	29	29000001	30000000	1000000	550311	0.550311	2357
NC_007118.7	30	30000001	31000000	1000000	476878	0.476878	2286
NC_007118.7	31	31000001	32000000	1000000	497674	0.497674	2346
NC_007118.7	32	32000001	33000000	1000000	555970	0.55597	2370
NC_007118.7	33	33000001	34000000	1000000	492495	0.492495	2148
NC_007118.7	34	34000001	35000000	1000000	465277	0.465277	2160
NC_007118.7	35	35000001	36000000	1000000	462453	0.462453	2209
NC_007118.7	36	36000001	37000000	1000000	555230	0.55523	2316
NC_007118.7	37	37000001	38000000	1000000	523368	0.523368	2520
NC_007118.7	38	38000001	39000000	1000000	492901	0.492901	2086
NC_007118.7	39	39000001	40000000	1000000	489306	0.489306	2113
NC_007118.7	40	40000001	41000000	1000000	504631	0.504631	2262
NC_007118.7	41	41000001	42000000	1000000	486926	0.486926	2207
NC_007118.7	42	42000001	43000000	1000000	563443	0.563443	2374
NC_007118.7	43	43000001	44000000	1000000	578796	0.578796	2573
NC_007118.7	44	44000001	45000000	1000000	601381	0.601381	2696
NC_007118.7	45	45000001	46000000	1000000	613597	0.613597	2500
NC_007118.7	46	46000001	47000000	1000000	488032	0.488032	2513
NC_007118.7	47	47000001	48000000	1000000	595313	0.595313	2729
NC_007118.7	48	48000001	49000000	1000000	613898	0.613898	2575
NC_007118.7	49	49000001	50000000	1000000	641526	0.641526	2850
NC_007118.7	50	50000001	51000000	1000000	623931	0.623931	2812
NC_007118.7	51	51000001	52000000	1000000	670005	0.670005	2548
NC_007118.7	52	52000001	53000000	1000000	673040	0.67304	2608
NC_007118.7	53	53000001	54000000	1000000	675289	0.675289	2678
NC_007118.7	54	54000001	55000000	1000000	685926	0.685926	3193
NC_007118.7	55	55000001	56000000	1000000	671669	0.671669	2921
NC_007118.7	56	56000001	57000000	1000000	650808	0.650808	2717
NC_007118.7	57	57000001	58000000	1000000	703693	0.703693	2772
NC_007118.7	58	58000001	59000000	1000000	759964	0.759964	2186
NC_007118.7	59	59000001	60000000	1000000	745289	0.745289	2356
NC_007118.7	60	60000001	61000000	1000000	682420	0.68242	2375
NC_007118.7	61	61000001	62000000	1000000	691551	0.691551	2849
NC_007118.7	62	62000001	63000000	1000000	719256	0.719256	2905
NC_007118.7	63	63000001	64000000	1000000	666835	0.666835	3124
NC_007118.7	64	64000001	65000000	1000000	607764	0.607764	2190
NC_007118.7	65	65000001	66000000	1000000	718418	0.718418	3234
NC_007118.7	66	66000001	67000000	1000000	710656	0.710656	3276
NC_007118.7	67	67000001	68000000	1000000	690948	0.690948	3130
NC_007118.7	68	68000001	69000000	1000000	607366	0.607366	3045
NC_007118.7	69	69000001	70000000	1000000	660272	0.660272	3278
NC_007118.7	70	70000001	71000000	1000000	733944	0.733944	3776
NC_007118.7	71	71000001	72000000	1000000	650533	0.650533	3207
NC_007118.7	72	72000001	73000000	1000000	670707	0.670707	3495
NC_007118.7	73	73000001	74000000	1000000	628806	0.628806	3865
NC_007118.7	74	74000001	74282399	282399	183017	0.6480794903664673	1312
NC_007119.7	0	1	1000000	1000000	773275	0.773275	3436
NC_007119.7	1	1000001	2000000	1000000	792582	0.792582	3589
NC_007119.7	2	2000001	3000000	1000000	801223	0.801223	3438
NC_007119.7	3	3000001	4000000	1000000	759906	0.759906	3362
NC_007119.7	4	4000001	5000000	1000000	719857	0.719857	3329
NC_007119.7	5	5000001	6000000	1000000	759329	0.759329	3323
NC_007119.7	6	6000001	7000000	1000000	745120	0.74512	3300
NC_007119.7	7	7000001	8000000	1000000	724156	0.724156	3328
NC_007119.7	8	8000001	9000000	1000000	690472	0.690472	3131
NC_007119.7	9	9000001	10000000	1000000	616493	0.616493	2886
NC_007119.7	10	10000001	11000000	1000000	690055	0.690055	3130
NC_007119.7	11	11000001	12000000	1000000	637534	0.637534	3049
NC_007119.7	12	12000001	13000000	1000000	646561	0.646561	2779
NC_007119.7	13	13000001	14000000	1000000	657299	0.657299	2546
NC_007119.7	14	14000001	15000000	1000000	568657	0.568657	2650
NC_007119.7	15	15000001	16000000	1000000	581401	0.581401	2734
NC_007119.7	16	16000001	17000000	1000000	525476	0.525476	2453
NC_007119.7	17	17000001	18000000	1000000	572466	0.572466	2611
NC_007119.7	18	18000001	19000000	1000000	567630	0.56763	2357
NC_007119.7	19	19000001	20000000	1000000	535613	0.535613	2213
NC_007119.7	20	20000001	21000000	1000000	542679	0.542679	2501
NC_007119.7	21	21000001	22000000	1000000	524591	0.524591	2322
NC_007119.7	22	22000001	23000000	1000000	527071	0.527071	2195
NC_007119.7	23	23000001	24000000	1000000	509707	0.509707	2213
NC_007119.7	24	24000001	25000000	1000000	577574	0.577574	2177
NC_007119.7	25	25000001	26000000	1000000	496551	0.496551	2271
NC_007119.7	26	26000001	27000000	1000000	541245	0.541245	2378
NC_007119.7	27	27000001	28000000	1000000	585216	0.585216	2255
NC_007119.7	28	28000001	29000000	1000000	507606	0.507606	2158
NC_007119.7	29	29000001	30000000	1000000	515759	0.515759	2348
NC_007119.7	30	30000001	31000000	1000000	569643	0.569643	2372
NC_007119.7	31	31000001	32000000	1000000	613668	0.613668	2657
NC_007119.7	32	32000001	33000000	1000000	614342	0.614342	2455
NC_007119.7	33	33000001	34000000	1000000	606335	0.606335	2784
NC_007119.7	34	34000001	35000000	1000000	678527	0.678527	2203
NC_007119.7	35	35000001	36000000	1000000	707467	0.707467	2702
NC_007119.7	36	36000001	37000000	1000000	680405	0.680405	2545
NC_007119.7	37	37000001	38000000	1000000	691858	0.691858	2400
NC_007119.7	38	38000001	39000000	1000000	755482	0.755482	2347
NC_007119.7	39	39000001	40000000	1000000	797571	0.797571	1804
NC_007119.7	40	40000001	41000000	1000000	687766	0.687766	2883
NC_007119.7	41	41000001	42000000	1000000	714343	0.714343	2725
NC_007119.7	42	42000001	43000000	1000000	697796	0.697796	2937
NC_007119.7	43	43000001	44000000	1000000	643022	0.643022	2535
NC_007119.7	44	44000001	45000000	1000000	637683	0.637683	2596
NC_007119.7	45	45000001	46000000	1000000	708657	0.708657	2447
NC_007119.7	46	46000001	47000000	1000000	732898	0.732898	2863
NC_007119.7	47	47000001	48000000	1000000	736566	0.736566	3351
NC_007119.7	48	48000001	49000000	1000000	671943	0.671943	3122
NC_007119.7	49	49000001	50000000	1000000	728459	0.728459	3376
NC_007119.7	50	50000001	51000000	1000000	714920	0.71492	3553
NC_007119.7	51	51000001	52000000	1000000	740883	0.740883	3741
NC_007119.7	52	52000001	53000000	1000000	709070	0.70907	3710
NC_007119.7	53	53000001	54000000	1000000	675045	0.675045	4013
NC_007119.7	54	54000001	54304671	304671	191695	0.6291868934030479	1373
NC_007120.7	0	1	1000000	1000000	610506	0.610506	3859
NC_007120.7	1	1000001	2000000	1000000	712039	0.712039	3646
NC_007120.7	2	2000001	3000000	1000000	691121	0.691121	3655
NC_007120.7	3	3000001	4000000	1000000	710639	0.710639	3342
NC_007120.7	4	4000001	5000000	1000000	695388	0.695388	3177
NC_007120.7	5	5000001	6000000	1000000	703561	0.703561	3254
NC_007120.7	6	6000001	7000000	1000000	695053	0.695053	2965
NC_007120.7	7	7000001	8000000	1000000	665020	0.66502	2973
NC_007120.7	8	8000001	9000000	1000000	645815	0.645815	2823
NC_007120.7	9	9000001	10000000	1000000	676497	0.676497	2736
NC_007120.7	10	10000001	11000000	1000000	589405	0.589405	2642
NC_007120.7	11	11000001	12000000	1000000	622154	0.622154	2706
NC_007120.7	12	12000001	13000000	1000000	613927	0.613927	2615
NC_007120.7	13	13000001	14000000	1000000	636142	0.636142	2713
NC_007120.7	14	14000001	15000000	1000000	616697	0.616697	2741
NC_007120.7	15	15000001	16000000	1000000	765196	0.765196	1931
NC_007120.7	16	16000001	17000000	1000000	701955	0.701955	2352
NC_007120.7	17	17000001	18000000	1000000	713677	0.713677	2704
NC_007120.7	18	18000001	19000000	1000000	714584	0.714584	2826
NC_007120.7	19	19000001	20000000	1000000	762445	0.762445	2424
NC_007120.7	20	20000001	21000000	1000000	613912	0.613912	2367
NC_007120.7	21	21000001	22000000	1000000	474629	0.474629	2141
NC_007120.7	22	22000001	23000000	1000000	616387	0.616387	2236
NC_007120.7	23	23000001	24000000	1000000	464478	0.464478	1852
NC_007120.7	24	24000001	25000000	1000000	533626	0.533626	2008
NC_007120.7	25	25000001	26000000	1000000	498903	0.498903	2110
NC_007120.7	26	26000001	27000000	1000000	620737	0.620737	2732
NC_007120.7	27	27000001	28000000	1000000	537692	0.537692	2330
NC_007120.7	28	28000001	29000000	1000000	521134	0.521134	2131
NC_007120.7	29	29000001	30000000	1000000	560744	0.560744	2329
NC_007120.7	30	30000001	31000000	1000000	511643	0.511643	2216
NC_007120.7	31	31000001	32000000	1000000	484577	0.484577	2164
NC_007120.7	32	32000001	33000000	1000000	456603	0.456603	2104
NC_007120.7	33	33000001	34000000	1000000	529796	0.529796	2187
NC_007120.7	34	34000001	35000000	1000000	501993	0.501993	2361
NC_007120.7	35	35000001	36000000	1000000	557345	0.557345	2421
NC_007120.7	36	36000001	37000000	1000000	585063	0.585063	2537
NC_007120.7	37	37000001	38000000	1000000	549390	0.54939	2571
NC_007120.7	38	38000001	39000000	1000000	565796	0.565796	2459
NC_007120.7	39	39000001	40000000	1000000	602203	0.602203	2639
NC_007120.7	40	40000001	41000000	1000000	603616	0.603616	2754
NC_007120.7	41	41000001	42000000	1000000	610154	0.610154	2718
NC_007120.7	42	42000001	43000000	1000000	512341	0.512341	2299
NC_007120.7	43	43000001	44000000	1000000	610886	0.610886	2707
NC_007120.7	44	44000001	45000000	1000000	673522	0.673522	3034
NC_007120.7	45	45000001	46000000	1000000	688916	0.688916	3119
NC_007120.7	46	46000001	47000000	1000000	663405	0.663405	2963
NC_007120.7	47	47000001	48000000	1000000	718955	0.718955	3394
NC_007120.7	48	48000001	49000000	1000000	738549	0.738549	3227
NC_007120.7	49	49000001	50000000	1000000	743097	0.743097	3337
NC_007120.7	50	50000001	51000000	1000000	749564	0.749564	3218
NC_007120.7	51	51000001	52000000	1000000	769848	0.769848	3540
NC_007120.7	52	52000001	53000000	1000000	760050	0.76005	3086
NC_007120.7	53	53000001	54000000	1000000	770933	0.770933	3250
NC_007120.7	54	54000001	55000000	1000000	747606	0.747606	3376
NC_007120.7	55	55000001	56000000	1000000	756918	0.756918	3491
NC_007120.7	56	56000001	56459846	459846	352946	0.7675308690300666	1852
NC_007121.7	0	1	1000000	1000000	667794	0.667794	4196
NC_007121.7	1	1000001	2000000	1000000	729591	0.729591	3991
NC_007121.7	2	2000001	3000000	1000000	695575	0.695575	3287
NC_007121.7	3	3000001	4000000	1000000	696782	0.696782	3179
NC_007121.7	4	4000001	5000000	1000000	704215	0.704215	3145
NC_007121.7	5	5000001	6000000	1000000	689278	0.689278	2942
NC_007121.7	6	6000001	7000000	1000000	744347	0.744347	2792
NC_007121.7	7	7000001	8000000	1000000	684250	0.68425	2866
NC_007121.7	8	8000001	9000000	1000000	639990	0.63999	2475
NC_007121.7	9	9000001	10000000	1000000	626282	0.626282	2442
NC_007121.7	10	10000001	11000000	1000000	691858	0.691858	2724
NC_007121.7	11	11000001	12000000	1000000	697877	0.697877	2189
NC_007121.7	12	12000001	13000000	1000000	773619	0.773619	1955
NC_007121.7	13	13000001	14000000	1000000	681887	0.681887	2610
NC_007121.7	14	14000001	15000000	1000000	700552	0.700552	2700
NC_007121.7	15	15000001	16000000	1000000	654406	0.654406	2507
NC_007121.7	16	16000001	17000000	1000000	656299	0.656299	2385
NC_007121.7	17	17000001	18000000	1000000	571666	0.571666	2418
NC_007121.7	18	18000001	19000000	1000000	638403	0.638403	2558
NC_007121.7	19	19000001	20000000	1000000	629548	0.629548	2382
NC_007121.7	20	20000001	21000000	1000000	550642	0.550642	2378
NC_007121.7	21	21000001	22000000	1000000	518887	0.518887	2164
NC_007121.7	22	22000001	23000000	1000000	510140	0.51014	2330
NC_007121.7	23	23000001	24000000	1000000	580280	0.58028	2458
NC_007121.7	24	24000001	25000000	1000000	572633	0.572633	2347
NC_007121.7	25	25000001	26000000	1000000	574134	0.574134	2540
NC_007121.7	26	26000001	27000000	1000000	548678	0.548678	2468
NC_007121.7	27	27000001	28000000	1000000	539640	0.53964	2477
NC_007121.7	28	28000001	29000000	1000000	497766	0.497766	2293
NC_007121.7	29	29000001	30000000	1000000	583299	0.583299	2753
NC_007121.7	30	30000001	31000000	1000000	592863	0.592863	2769
NC_007121.7	31	31000001	32000000	1000000	625987	0.625987	2875
NC_007121.7	32	32000001	33000000	1000000	592441	0.592441	2730
NC_007121.7	33	33000001	34000000	1000000	591473	0.591473	2727
NC_007121.7	34	34000001	35000000	1000000	664239	0.664239	2881
NC_007121.7	35	35000001	36000000	1000000	651609	0.651609	3145
NC_007121.7	36	36000001	37000000	1000000	615331	0.615331	2871
NC_007121.7	37	37000001	38000000	1000000	604795	0.604795	2675
NC_007121.7	38	38000001	39000000	1000000	681459	0.681459	3199
NC_007121.7	39	39000001	40000000	1000000	700031	0.700031	3161
NC_007121.7	40	40000001	41000000	1000000	651478	0.651478	2845
NC_007121.7	41	41000001	42000000	1000000	745515	0.745515	3151
NC_007121.7	42	42000001	43000000	1000000	727254	0.727254	3384
NC_007121.7	43	43000001	44000000	1000000	726335	0.726335	3429
NC_007121.7	44	44000001	45000000	1000000	688508	0.688508	3379
NC_007121.7	45	45000001	45420867	420867	307586	0.7308389586258842	1710
NC_007122.7	0	1	1000000	1000000	637247	0.637247	4048
NC_007122.7	1	1000001	2000000	1000000	675619	0.675619	3658
NC_007122.7	2	2000001	3000000	1000000	650527	0.650527	3188
NC_007122.7	3	3000001	4000000	1000000	662954	0.662954	3165
NC_007122.7	4	4000001	5000000	1000000	670823	0.670823	3243
NC_007122.7	5	5000001	6000000	1000000	681468	0.681468	2947
NC_007122.7	6	6000001	7000000	1000000	692554	0.692554	3096
NC_007122.7	7	7000001	8000000	1000000	653289	0.653289	2943
NC_007122.7	8	8000001	9000000	1000000	689199	0.689199	2971
NC_007122.7	9	9000001	10000000	1000000	657031	0.657031	2954
NC_007122.7	10	10000001	11000000	1000000	690726	0.690726	2980
NC_007122.7	11	11000001	12000000	1000000	651431	0.651431	2685
NC_007122.7	12	12000001	13000000	1000000	707488	0.707488	2139
NC_007122.7	13	13000001	14000000	1000000	700311	0.700311	2824
NC_007122.7	14	14000001	15000000	1000000	752099	0.752099	2263
NC_007122.7	15	15000001	16000000	1000000	834573	0.834573	1967
NC_007122.7	16	16000001	17000000	1000000	671056	0.671056	2656
NC_007122.7	17	17000001	18000000	1000000	661756	0.661756	2518
NC_007122.7	18	18000001	19000000	1000000	563469	0.563469	2292
NC_007122.7	19	19000001	20000000	1000000	591485	0.591485	2581
NC_007122.7	20	20000001	21000000	1000000	620290	0.62029	2451
NC_007122.7	21	21000001	22000000	1000000	532606	0.532606	2371
NC_007122.7	22	22000001	23000000	1000000	572969	0.572969	2269
NC_007122.7	23	23000001	24000000	1000000	582660	0.58266	2342
NC_007122.7	24	24000001	25000000	1000000	554097	0.554097	2251
NC_007122.7	25	25000001	26000000	1000000	509498	0.509498	2383
NC_007122.7	26	26000001	27000000	1000000	544614	0.544614	2529
NC_007122.7	27	27000001	28000000	1000000	568644	0.568644	2465
NC_007122.7	28	28000001	29000000	1000000	537889	0.537889	2416
NC_007122.7	29	29000001	30000000	1000000	546478	0.546478	2534
NC_007122.7	30	30000001	31000000	1000000	564374	0.564374	2599
NC_007122.7	31	31000001	32000000	1000000	614127	0.614127	2443
NC_007122.7	32	32000001	33000000	1000000	587714	0.587714	2830
NC_007122.7	33	33000001	34000000	1000000	623718	0.623718	2805
NC_007122.7	34	34000001	35000000	1000000	607039	0.607039	2743
NC_007122.7	35	35000001	36000000	1000000	577709	0.577709	2759
NC_007122.7	36	36000001	37000000	1000000	596380	0.59638	2779
NC_007122.7	37	37000001	38000000	1000000	640299	0.640299	2990
NC_007122.7	38	38000001	39000000	1000000	652417	0.652417	3216
NC_007122.7	39	39000001	40000000	1000000	689559	0.689559	3273
NC_007122.7	40	40000001	41000000	1000000	714679	0.714679	3226
NC_007122.7	41	41000001	42000000	1000000	693711	0.693711	3202
NC_007122.7	42	42000001	43000000	1000000	663404	0.663404	3083
NC_007122.7	43	43000001	44000000	1000000	707492	0.707492	3563
NC_007122.7	44	44000001	45000000	1000000	650129	0.650129	3525
NC_007122.7	45	45000001	45484837	484837	354568	0.7313138229961822	2012
NC_007123.7	0	1	1000000	1000000	620593	0.620593	4026
NC_007123.7	1	1000001	2000000	1000000	631542	0.631542	3631
NC_007123.7	2	2000001	3000000	1000000	673178	0.673178	3271
NC_007123.7	3	3000001	4000000	1000000	691813	0.691813	3352
NC_007123.7	4	4000001	5000000	1000000	645072	0.645072	2982
NC_007123.7	5	5000001	6000000	1000000	652994	0.652994	3178
NC_007123.7	6	6000001	7000000	1000000	611576	0.611576	2923
NC_007123.7	7	7000001	8000000	1000000	653471	0.653471	2999
NC_007123.7	8	8000001	9000000	1000000	633990	0.63399	2971
NC_007123.7	9	9000001	10000000	1000000	738428	0.738428	3076
NC_007123.7	10	10000001	11000000	1000000	646224	0.646224	2607
NC_007123.7	11	11000001	12000000	1000000	712226	0.712226	2691
NC_007123.7	12	12000001	13000000	1000000	717778	0.717778	2818
NC_007123.7	13	13000001	14000000	1000000	701569	0.701569	2486
NC_007123.7	14	14000001	15000000	1000000	781192	0.781192	1875
NC_007123.7	15	15000001	16000000	1000000	781534	0.781534	2288
NC_007123.7	16	16000001	17000000	1000000	676496	0.676496	2176
NC_007123.7	17	17000001	18000000	1000000	646186	0.646186	2720
NC_007123.7	18	18000001	19000000	1000000	614132	0.614132	2332
NC_007123.7	19	19000001	20000000	1000000	585971	0.585971	2344
NC_007123.7	20	20000001	21000000	1000000	611076	0.611076	2515
NC_007123.7	21	21000001	22000000	1000000	609432	0.609432	2494
NC_007123.7	22	22000001	23000000	1000000	583800	0.5838	2427
NC_007123.7	23	23000001	24000000	1000000	573767	0.573767	2430
NC_007123.7	24	24000001	25000000	1000000	584064	0.584064	2344
NC_007123.7	25	25000001	26000000	1000000	556425	0.556425	2467
NC_007123.7	26	26000001	27000000	1000000	532260	0.53226	2402
NC_007123.7	27	27000001	28000000	1000000	493302	0.493302	2242
NC_007123.7	28	28000001	29000000	1000000	557567	0.557567	2404
NC_007123.7	29	29000001	30000000	1000000	578850	0.57885	2367
NC_007123.7	30	30000001	31000000	1000000	570058	0.570058	2352
NC_007123.7	31	31000001	32000000	1000000	569138	0.569138	2474
NC_007123.7	32	32000001	33000000	1000000	528607	0.528607	2556
NC_007123.7	33	33000001	34000000	1000000	535152	0.535152	2532
NC_007123.7	34	34000001	35000000	1000000	598082	0.598082	2727
NC_007123.7	35	35000001	36000000	1000000	572534	0.572534	2434
NC_007123.7	36	36000001	37000000	1000000	616194	0.616194	2583
NC_007123.7	37	37000001	38000000	1000000	618353	0.618353	2917
NC_007123.7	38	38000001	39000000	1000000	621793	0.621793	3000
NC_007123.7	39	39000001	40000000	1000000	662061	0.662061	2897
NC_007123.7	40	40000001	41000000	1000000	668346	0.668346	3319
NC_007123.7	41	41000001	42000000	1000000	693909	0.693909	3171
NC_007123.7	42	42000001	43000000	1000000	586239	0.586239	2897
NC_007123.7	43	43000001	44000000	1000000	705188	0.705188	3073
NC_007123.7	44	44000001	45000000	1000000	706518	0.706518	3123
NC_007123.7	45	45000001	46000000	1000000	776160	0.77616	3462
NC_007123.7	46	46000001	47000000	1000000	707232	0.707232	2798
NC_007123.7	47	47000001	48000000	1000000	782392	0.782392	3454
NC_007123.7	48	48000001	49000000	1000000	710729	0.710729	4093
NC_007123.7	49	49000001	49182954	182954	121109	0.6619642095827366	729
NC_007124.7	0	1	1000000	1000000	621329	0.621329	3782
NC_007124.7	1	1000001	2000000	1000000	672624	0.672624	3755
NC_007124.7	2	2000001	3000000	1000000	700488	0.700488	3540
NC_007124.7	3	3000001	4000000	1000000	686159	0.686159	3283
NC_007124.7	4	4000001	5000000	1000000	691268	0.691268	3315
NC_007124.7	5	5000001	6000000	1000000	637762	0.637762	3098
NC_007124.7	6	6000001	7000000	1000000	715949	0.715949	3255
NC_007124.7	7	7000001	8000000	1000000	679886	0.679886	3075
NC_007124.7	8	8000001	9000000	1000000	650452	0.650452	2700
NC_007124.7	9	9000001	10000000	1000000	683138	0.683138	2539
NC_007124.7	10	10000001	11000000	1000000	624425	0.624425	2699
NC_007124.7	11	11000001	12000000	1000000	674079	0.674079	2748
NC_007124.7	12	12000001	13000000	1000000	659346	0.659346	2550
NC_007124.7	13	13000001	14000000	1000000	654526	0.654526	2551
NC_007124.7	14	14000001	15000000	1000000	702729	0.702729	2530
NC_007124.7	15	15000001	16000000	1000000	714510	0.71451	2032
NC_007124.7	16	16000001	17000000	1000000	616723	0.616723	2595
NC_007124.7	17	17000001	18000000	1000000	595345	0.595345	2540
NC_007124.7	18	18000001	19000000	1000000	685055	0.685055	2476
NC_007124.7	19	19000001	20000000	1000000	681097	0.681097	2191
NC_007124.7	20	20000001	21000000	1000000	619038	0.619038	2537
NC_007124.7	21	21000001	22000000	1000000	547920	0.54792	2456
NC_007124.7	22	22000001	23000000	1000000	529773	0.529773	2069
NC_007124.7	23	23000001	24000000	1000000	554583	0.554583	2328
NC_007124.7	24	24000001	25000000	1000000	496428	0.496428	2233
NC_007124.7	25	25000001	26000000	1000000	498101	0.498101	2304
NC_007124.7	26	26000001	27000000	1000000	534984	0.534984	2475
NC_007124.7	27	27000001	28000000	1000000	563813	0.563813	2403
NC_007124.7	28	28000001	29000000	1000000	535540	0.53554	2291
NC_007124.7	29	29000001	30000000	1000000	494993	0.494993	2306
NC_007124.7	30	30000001	31000000	1000000	497144	0.497144	2314
NC_007124.7	31	31000001	32000000	1000000	510938	0.510938	2293
NC_007124.7	32	32000001	33000000	1000000	559721	0.559721	2450
NC_007124.7	33	33000001	34000000	1000000	481035	0.481035	2227
NC_007124.7	34	34000001	35000000	1000000	522844	0.522844	2485
NC_007124.7	35	35000001	36000000	1000000	531509	0.531509	2285
NC_007124.7	36	36000001	37000000	1000000	596764	0.596764	2754
NC_007124.7	37	37000001	38000000	1000000	610288	0.610288	2776
NC_007124.7	38	38000001	39000000	1000000	589533	0.589533	2786
NC_007124.7	39	39000001	40000000	1000000	633001	0.633001	2940
NC_007124.7	40	40000001	41000000	1000000	618336	0.618336	2823
NC_007124.7	41	41000001	42000000	1000000	684009	0.684009	3150
NC_007124.7	42	42000001	43000000	1000000	638897	0.638897	2891
NC_007124.7	43	43000001	44000000	1000000	712420	0.71242	3210
NC_007124.7	44	44000001	45000000	1000000	744713	0.744713	3479
NC_007124.7	45	45000001	46000000	1000000	654434	0.654434	3116
NC_007124.7	46	46000001	47000000	1000000	704062	0.704062	3419
NC_007124.7	47	47000001	48000000	1000000	737333	0.737333	3362
NC_007124.7	48	48000001	49000000	1000000	735086	0.735086	3191
NC_007124.7	49	49000001	50000000	1000000	805069	0.805069	3356
NC_007124.7	50	50000001	51000000	1000000	785628	0.785628	3504
NC_007124.7	51	51000001	52000000	1000000	789171	0.789171	4307
NC_007124.7	52	52000001	52186027	186027	125875	0.6766490885731641	830
NC_007125.7	0	1	1000000	1000000	628545	0.628545	4097
NC_007125.7	1	1000001	2000000	1000000	659038	0.659038	3755
NC_007125.7	2	2000001	3000000	1000000	559682	0.559682	2927
NC_007125.7	3	3000001	4000000	1000000	693775	0.693775	3525
NC_007125.7	4	4000001	5000000	1000000	699813	0.699813	3293
NC_007125.7	5	5000001	6000000	1000000	673696	0.673696	3271
NC_007125.7	6	6000001	7000000	1000000	701596	0.701596	3248
NC_007125.7	7	7000001	8000000	1000000	709874	0.709874	3150
NC_007125.7	8	8000001	9000000	1000000	721962	0.721962	3049
NC_007125.7	9	9000001	10000000	1000000	768401	0.768401	3140
NC_007125.7	10	10000001	11000000	1000000	744328	0.744328	2686
NC_007125.7	11	11000001	12000000	1000000	742600	0.7426	2317
NC_007125.7	12	12000001	13000000	1000000	729604	0.729604	2329
NC_007125.7	13	13000001	14000000	1000000	928314	0.928314	1731
NC_007125.7	14	14000001	15000000	1000000	673132	0.673132	2280
NC_007125.7	15	15000001	16000000	1000000	771070	0.77107	2273
NC_007125.7	16	16000001	17000000	1000000	659614	0.659614	2562
NC_007125.7	17	17000001	18000000	1000000	645589	0.645589	2672
NC_007125.7	18	18000001	19000000	1000000	679434	0.679434	2785
NC_007125.7	19	19000001	20000000	1000000	725944	0.725944	2916
NC_007125.7	20	20000001	21000000	1000000	679817	0.679817	2346
NC_007125.7	21	21000001	22000000	1000000	601061	0.601061	2466
NC_007125.7	22	22000001	23000000	1000000	585110	0.58511	2424
NC_007125.7	23	23000001	24000000	1000000	596138	0.596138	2328
NC_007125.7	24	24000001	25000000	1000000	514690	0.51469	2043
NC_007125.7	25	25000001	26000000	1000000	557792	0.557792	2486
NC_007125.7	26	26000001	27000000	1000000	523631	0.523631	2329
NC_007125.7	27	27000001	28000000	1000000	539705	0.539705	2328
NC_007125.7	28	28000001	29000000	1000000	513482	0.513482	2282
NC_007125.7	29	29000001	30000000	1000000	557557	0.557557	2430
NC_007125.7	30	30000001	31000000	1000000	509907	0.509907	2313
NC_007125.7	31	31000001	32000000	1000000	520770	0.52077	2323
NC_007125.7	32	32000001	33000000	1000000	497692	0.497692	2488
NC_007125.7	33	33000001	34000000	1000000	524933	0.524933	2361
NC_007125.7	34	34000001	35000000	1000000	559014	0.559014	2436
NC_007125.7	35	35000001	36000000	1000000	552873	0.552873	2545
NC_007125.7	36	36000001	37000000	1000000	528394	0.528394	2502
NC_007125.7	37	37000001	38000000	1000000	552532	0.552532	2804
NC_007125.7	38	38000001	39000000	1000000	632390	0.63239	2730
NC_007125.7	39	39000001	40000000	1000000	526193	0.526193	2538
NC_007125.7	40	40000001	41000000	1000000	607175	0.607175	2819
NC_007125.7	41	41000001	42000000	1000000	658915	0.658915	2928
NC_007125.7	42	42000001	43000000	1000000	621454	0.621454	3033
NC_007125.7	43	43000001	44000000	1000000	657997	0.657997	2934
NC_007125.7	44	44000001	45000000	1000000	661972	0.661972	3168
NC_007125.7	45	45000001	46000000	1000000	706324	0.706324	3140
NC_007125.7	46	46000001	47000000	1000000	729866	0.729866	3297
NC_007125.7	47	47000001	48000000	1000000	710869	0.710869	3249
NC_007125.7	48	48000001	49000000	1000000	772220	0.77222	3353
NC_007125.7	49	49000001	50000000	1000000	790400	0.7904	3375
NC_007125.7	50	50000001	51000000	1000000	771444	0.771444	3517
NC_007125.7	51	51000001	52000000	1000000	699392	0.699392	3461
NC_007125.7	52	52000001	52660232	660232	442518	0.6702462164814792	2430
NC_007126.7	0	1	1000000	1000000	668204	0.668204	3270
NC_007126.7	1	1000001	2000000	1000000	718369	0.718369	3455
NC_007126.7	2	2000001	3000000	1000000	756498	0.756498	3697
NC_007126.7	3	3000001	4000000	1000000	695078	0.695078	3353
NC_007126.7	4	4000001	5000000	1000000	722503	0.722503	3053
NC_007126.7	5	5000001	6000000	1000000	725785	0.725785	2987
NC_007126.7	6	6000001	7000000	1000000	761977	0.761977	3046
NC_007126.7	7	7000001	8000000	1000000	672046	0.672046	2742
NC_007126.7	8	8000001	9000000	1000000	680524	0.680524	2914
NC_007126.7	9	9000001	10000000	1000000	746337	0.746337	2544
NC_007126.7	10	10000001	11000000	1000000	749509	0.749509	2517
NC_007126.7	11	11000001	12000000	1000000	820021	0.820021	2171
NC_007126.7	12	12000001	13000000	1000000	668946	0.668946	2529
NC_007126.7	13	13000001	14000000	1000000	691805	0.691805	2823
NC_007126.7	14	14000001	15000000	1000000	681922	0.681922	2298
NC_007126.7	15	15000001	16000000	1000000	694858	0.694858	2269
NC_007126.7	16	16000001	17000000	1000000	628013	0.628013	2441
NC_007126.7	17	17000001	18000000	1000000	642274	0.642274	2614
NC_007126.7	18	18000001	19000000	1000000	599671	0.599671	2506
NC_007126.7	19	19000001	20000000	1000000	604987	0.604987	2390
NC_007126.7	20	20000001	21000000	1000000	543610	0.54361	2300
NC_007126.7	21	21000001	22000000	1000000	546398	0.546398	2134
NC_007126.7	22	22000001	23000000	1000000	547980	0.54798	2381
NC_007126.7	23	23000001	24000000	1000000	527682	0.527682	2242
NC_007126.7	24	24000001	25000000	1000000	495300	0.4953	2205
NC_007126.7	25	25000001	26000000	1000000	544874	0.544874	2296
NC_007126.7	26	26000001	27000000	1000000	555754	0.555754	2395
NC_007126.7	27	27000001	28000000	1000000	515527	0.515527	2242
NC_007126.7	28	28000001	29000000	1000000	520164	0.520164	2409
NC_007126.7	29	29000001	30000000	1000000	562650	0.56265	2275
NC_007126.7	30	30000001	31000000	1000000	511169	0.511169	2210
NC_007126.7	31	31000001	32000000	1000000	545697	0.545697	2521
NC_007126.7	32	32000001	33000000	1000000	590732	0.590732	2507
NC_007126.7	33	33000001	34000000	1000000	618807	0.618807	3014
NC_007126.7	34	34000001	35000000	1000000	597514	0.597514	2737
NC_007126.7	35	35000001	36000000	1000000	654287	0.654287	2956
NC_007126.7	36	36000001	37000000	1000000	623359	0.623359	2813
NC_007126.7	37	37000001	38000000	1000000	657871	0.657871	2705
NC_007126.7	38	38000001	39000000	1000000	613226	0.613226	2877
NC_007126.7	39	39000001	40000000	1000000	585679	0.585679	3152
NC_007126.7	40	40000001	41000000	1000000	644119	0.644119	3134
NC_007126.7	41	41000001	42000000	1000000	683334	0.683334	2726
NC_007126.7	42	42000001	43000000	1000000	723682	0.723682	3240
NC_007126.7	43	43000001	44000000	1000000	797596	0.797596	3539
NC_007126.7	44	44000001	45000000	1000000	774525	0.774525	3239
NC_007126.7	45	45000001	46000000	1000000	795381	0.795381	3835
NC_007126.7	46	46000001	47000000	1000000	772598	0.772598	4020
NC_007126.7	47	47000001	48000000	1000000	727334	0.727334	4446
NC_007126.7	48	48000001	48040578	40578	28513	0.7026713982946424	171
NC_007127.7	0	1	1000000	1000000	606776	0.606776	4074
NC_007127.7	1	1000001	2000000	1000000	676162	0.676162	3869
NC_007127.7	2	2000001	3000000	1000000	707588	0.707588	3459
NC_007127.7	3	3000001	4000000	1000000	699378	0.699378	3242
NC_007127.7	4	4000001	5000000	1000000	746033	0.746033	3629
NC_007127.7	5	5000001	6000000	1000000	683275	0.683275	3365
NC_007127.7	6	6000001	7000000	1000000	680114	0.680114	3139
NC_007127.7	7	7000001	8000000	1000000	717905	0.717905	3299
NC_007127.7	8	8000001	9000000	1000000	685562	0.685562	3062
NC_007127.7	9	9000001	10000000	1000000	660096	0.660096	2571
NC_007127.7	10	10000001	11000000	1000000	672017	0.672017	2386
NC_007127.7	11	11000001	12000000	1000000	645558	0.645558	2535
NC_007127.7	12	12000001	13000000	1000000	653340	0.65334	2687
NC_007127.7	13	13000001	14000000	1000000	668963	0.668963	2656
NC_007127.7	14	14000001	15000000	1000000	684989	0.684989	2466
NC_007127.7	15	15000001	16000000	1000000	748115	0.748115	1894
NC_007127.7	16	16000001	17000000	1000000	674307	0.674307	2512
NC_007127.7	17	17000001	18000000	1000000	759142	0.759142	2550
NC_007127.7	18	18000001	19000000	1000000	682235	0.682235	1741
NC_007127.7	19	19000001	20000000	1000000	691268	0.691268	2690
NC_007127.7	20	20000001	21000000	1000000	700339	0.700339	2792
NC_007127.7	21	21000001	22000000	1000000	661815	0.661815	2520
NC_007127.7	22	22000001	23000000	1000000	623470	0.62347	2303
NC_007127.7	23	23000001	24000000	1000000	608549	0.608549	2502
NC_007127.7	24	24000001	25000000	1000000	556475	0.556475	2434
NC_007127.7	25	25000001	26000000	1000000	570734	0.570734	2011
NC_007127.7	26	26000001	27000000	1000000	541461	0.541461	2308
NC_007127.7	27	27000001	28000000	1000000	567476	0.567476	2322
NC_007127.7	28	28000001	29000000	1000000	558242	0.558242	2204
NC_007127.7	29	29000001	30000000	1000000	548732	0.548732	2390
NC_007127.7	30	30000001	31000000	1000000	555490	0.55549	2359
NC_007127.7	31	31000001	32000000	1000000	543666	0.543666	2281
NC_007127.7	32	32000001	33000000	1000000	498301	0.498301	2278
NC_007127.7	33	33000001	34000000	1000000	491272	0.491272	2151
NC_007127.7	34	34000001	35000000	1000000	565796	0.565796	2422
NC_007127.7	35	35000001	36000000	1000000	616348	0.616348	2516
NC_007127.7	36	36000001	37000000	1000000	670284	0.670284	2361
NC_007127.7	37	37000001	38000000	1000000	619037	0.619037	2630
NC_007127.7	38	38000001	39000000	1000000	573713	0.573713	2593
NC_007127.7	39	39000001	40000000	1000000	614125	0.614125	2627
NC_007127.7	40	40000001	41000000	1000000	609492	0.609492	2772
NC_007127.7	41	41000001	42000000	1000000	599179	0.599179	2659
NC_007127.7	42	42000001	43000000	1000000	617849	0.617849	2986
NC_007127.7	43	43000001	44000000	1000000	642770	0.64277	3013
NC_007127.7	44	44000001	45000000	1000000	655155	0.655155	3095
NC_007127.7	45	45000001	46000000	1000000	687425	0.687425	3253
NC_007127.7	46	46000001	47000000	1000000	704453	0.704453	3018
NC_007127.7	47	47000001	48000000	1000000	711132	0.711132	3164
NC_007127.7	48	48000001	49000000	1000000	704093	0.704093	3156
NC_007127.7	49	49000001	50000000	1000000	693157	0.693157	3260
NC_007127.7	50	50000001	51000000	1000000	725090	0.72509	3344
NC_007127.7	51	51000001	52000000	1000000	736841	0.736841	3210
NC_007127.7	52	52000001	53000000	1000000	754377	0.754377	3344
NC_007127.7	53	53000001	54000000	1000000	755458	0.755458	3399
NC_007127.7	54	54000001	55000000	1000000	725426	0.725426	3962
NC_007127.7	55	55000001	55266484	266484	200195	0.7512458534095856	1028
NC_007128.7	0	1	1000000	1000000	743355	0.743355	4151
NC_007128.7	1	1000001	2000000	1000000	811264	0.811264	3831
NC_007128.7	2	2000001	3000000	1000000	807041	0.807041	3357
NC_007128.7	3	3000001	4000000	1000000	801816	0.801816	3325
NC_007128.7	4	4000001	5000000	1000000	788647	0.788647	3357
NC_007128.7	5	5000001	6000000	1000000	775011	0.775011	3423
NC_007128.7	6	6000001	7000000	1000000	761680	0.76168	3392
NC_007128.7	7	7000001	8000000	1000000	710348	0.710348	3201
NC_007128.7	8	8000001	9000000	1000000	715542	0.715542	3207
NC_007128.7	9	9000001	10000000	1000000	645703	0.645703	3335
NC_007128.7	10	10000001	11000000	1000000	671015	0.671015	2824
NC_007128.7	11	11000001	12000000	1000000	652497	0.652497	3128
NC_007128.7	12	12000001	13000000	1000000	628948	0.628948	2827
NC_007128.7	13	13000001	14000000	1000000	664464	0.664464	2947
NC_007128.7	14	14000001	15000000	1000000	638315	0.638315	2944
NC_007128.7	15	15000001	16000000	1000000	577546	0.577546	2805
NC_007128.7	16	16000001	17000000	1000000	590180	0.59018	2781
NC_007128.7	17	17000001	18000000	1000000	542260	0.54226	2479
NC_007128.7	18	18000001	19000000	1000000	531577	0.531577	2514
NC_007128.7	19	19000001	20000000	1000000	546060	0.54606	2504
NC_007128.7	20	20000001	21000000	1000000	552292	0.552292	2462
NC_007128.7	21	21000001	22000000	1000000	480194	0.480194	2318
NC_007128.7	22	22000001	23000000	1000000	571417	0.571417	2343
NC_007128.7	23	23000001	24000000	1000000	525791	0.525791	2167
NC_007128.7	24	24000001	25000000	1000000	469048	0.469048	2180
NC_007128.7	25	25000001	26000000	1000000	471043	0.471043	2293
NC_007128.7	26	26000001	27000000	1000000	486983	0.486983	2272
NC_007128.7	27	27000001	28000000	1000000	498380	0.49838	2347
NC_007128.7	28	28000001	29000000	1000000	467253	0.467253	2021
NC_007128.7	29	29000001	30000000	1000000	501946	0.501946	2260
NC_007128.7	30	30000001	31000000	1000000	482846	0.482846	2192
NC_007128.7	31	31000001	32000000	1000000	553600	0.5536	2348
NC_007128.7	32	32000001	33000000	1000000	536559	0.536559	2348
NC_007128.7	33	33000001	34000000	1000000	608265	0.608265	2629
NC_007128.7	34	34000001	35000000	1000000	643393	0.643393	2827
NC_007128.7	35	35000001	36000000	1000000	635371	0.635371	2802
NC_007128.7	36	36000001	37000000	1000000	632823	0.632823	2715
NC_007128.7	37	37000001	38000000	1000000	612717	0.612717	2577
NC_007128.7	38	38000001	39000000	1000000	576114	0.576114	2594
NC_007128.7	39	39000001	40000000	1000000	640311	0.640311	2477
NC_007128.7	40	40000001	41000000	1000000	757406	0.757406	2965
NC_007128.7	41	41000001	42000000	1000000	730322	0.730322	2789
NC_007128.7	42	42000001	43000000	1000000	687714	0.687714	2339
NC_007128.7	43	43000001	44000000	1000000	669977	0.669977	2790
NC_007128.7	44	44000001	45000000	1000000	681372	0.681372	2635
NC_007128.7	45	45000001	46000000	1000000	650922	0.650922	2938
NC_007128.7	46	46000001	47000000	1000000	680690	0.68069	2184
NC_007128.7	47	47000001	48000000	1000000	681340	0.68134	3276
NC_007128.7	48	48000001	49000000	1000000	772774	0.772774	3156
NC_007128.7	49	49000001	50000000	1000000	725827	0.725827	2989
NC_007128.7	50	50000001	51000000	1000000	738276	0.738276	3192
NC_007128.7	51	51000001	52000000	1000000	694265	0.694265	3249
NC_007128.7	52	52000001	53000000	1000000	687422	0.687422	3874
NC_007128.7	53	53000001	53461100	461100	279299	0.6057232704402515	1734
NC_007129.7	0	1	1000000	1000000	702287	0.702287	4012
NC_007129.7	1	1000001	2000000	1000000	709032	0.709032	3625
NC_007129.7	2	2000001	3000000	1000000	757117	0.757117	3651
NC_007129.7	3	3000001	4000000	1000000	724745	0.724745	3473
NC_007129.7	4	4000001	5000000	1000000	701493	0.701493	3149
NC_007129.7	5	5000001	6000000	1000000	712504	0.712504	3813
NC_007129.7	6	6000001	7000000	1000000	666147	0.666147	3214
NC_007129.7	7	7000001	8000000	1000000	659613	0.659613	3207
NC_007129.7	8	8000001	9000000	1000000	600785	0.600785	2924
NC_007129.7	9	9000001	10000000	1000000	581185	0.581185	2656
NC_007129.7	10	10000001	11000000	1000000	644944	0.644944	3191
NC_007129.7	11	11000001	12000000	1000000	586168	0.586168	2864
NC_007129.7	12	12000001	13000000	1000000	595035	0.595035	2734
NC_007129.7	13	13000001	14000000	1000000	550719	0.550719	2646
NC_007129.7	14	14000001	15000000	1000000	583595	0.583595	2664
NC_007129.7	15	15000001	16000000	1000000	576388	0.576388	2497
NC_007129.7	16	16000001	17000000	1000000	549649	0.549649	2490
NC_007129.7	17	17000001	18000000	1000000	485579	0.485579	2189
NC_007129.7	18	18000001	19000000	1000000	596844	0.596844	2363
NC_007129.7	19	19000001	20000000	1000000	577040	0.57704	2573
NC_007129.7	20	20000001	21000000	1000000	519036	0.519036	2261
NC_007129.7	21	21000001	22000000	1000000	590320	0.59032	2413
NC_007129.7	22	22000001	23000000	1000000	581104	0.581104	2435
NC_007129.7	23	23000001	24000000	1000000	519915	0.519915	2412
NC_007129.7	24	24000001	25000000	1000000	611371	0.611371	2472
NC_007129.7	25	25000001	26000000	1000000	643774	0.643774	2610
NC_007129.7	26	26000001	27000000	1000000	645147	0.645147	2526
NC_007129.7	27	27000001	28000000	1000000	672816	0.672816	2661
NC_007129.7	28	28000001	29000000	1000000	805333	0.805333	2590
NC_007129.7	29	29000001	30000000	1000000	669536	0.669536	2476
NC_007129.7	30	30000001	31000000	1000000	713565	0.713565	2483
NC_007129.7	31	31000001	32000000	1000000	856452	0.856452	2019
NC_007129.7	32	32000001	33000000	1000000	867668	0.867668	1534
NC_007129.7	33	33000001	34000000	1000000	745880	0.74588	2167
NC_007129.7	34	34000001	35000000	1000000	690915	0.690915	2685
NC_007129.7	35	35000001	36000000	1000000	691811	0.691811	2613
NC_007129.7	36	36000001	37000000	1000000	680647	0.680647	2574
NC_007129.7	37	37000001	38000000	1000000	634578	0.634578	2507
NC_007129.7	38	38000001	39000000	1000000	644124	0.644124	3053
NC_007129.7	39	39000001	40000000	1000000	662968	0.662968	2924
NC_007129.7	40	40000001	41000000	1000000	667363	0.667363	3065
NC_007129.7	41	41000001	42000000	1000000	654418	0.654418	2854
NC_007129.7	42	42000001	43000000	1000000	651068	0.651068	3339
NC_007129.7	43	43000001	44000000	1000000	607701	0.607701	2982
NC_007129.7	44	44000001	45000000	1000000	647308	0.647308	3079
NC_007129.7	45	45000001	46000000	1000000	646914	0.646914	3055
NC_007129.7	46	46000001	47000000	1000000	685738	0.685738	3345
NC_007129.7	47	47000001	48000000	1000000	617635	0.617635	3362
NC_007129.7	48	48000001	49000000	1000000	675164	0.675164	3633
NC_007129.7	49	49000001	50000000	1000000	657658	0.657658	3712
NC_007129.7	50	50000001	51000000	1000000	595471	0.595471	4140
NC_007129.7	51	51000001	51023478	23478	10798	0.4599199250362041	96
NC_007130.7	0	1	1000000	1000000	618695	0.618695	4043
NC_007130.7	1	1000001	2000000	1000000	594703	0.594703	3210
NC_007130.7	2	2000001	3000000	1000000	620845	0.620845	3264
NC_007130.7	3	3000001	4000000	1000000	584469	0.584469	2806
NC_007130.7	4	4000001	5000000	1000000	605988	0.605988	3222
NC_007130.7	5	5000001	6000000	1000000	609311	0.609311	2943
NC_007130.7	6	6000001	7000000	1000000	578352	0.578352	2845
NC_007130.7	7	7000001	8000000	1000000	538146	0.538146	2451
NC_007130.7	8	8000001	9000000	1000000	625454	0.625454	2816
NC_007130.7	9	9000001	10000000	1000000	612141	0.612141	2576
NC_007130.7	10	10000001	11000000	1000000	628689	0.628689	2595
NC_007130.7	11	11000001	12000000	1000000	652806	0.652806	2812
NC_007130.7	12	12000001	13000000	1000000	666047	0.666047	2685
NC_007130.7	13	13000001	14000000	1000000	651182	0.651182	2543
NC_007130.7	14	14000001	15000000	1000000	681781	0.681781	2380
NC_007130.7	15	15000001	16000000	1000000	685547	0.685547	2590
NC_007130.7	16	16000001	17000000	1000000	705946	0.705946	2375
NC_007130.7	17	17000001	18000000	1000000	811303	0.811303	2051
NC_007130.7	18	18000001	19000000	1000000	766113	0.766113	1800
NC_007130.7	19	19000001	20000000	1000000	677259	0.677259	2186
NC_007130.7	20	20000001	21000000	1000000	646843	0.646843	2610
NC_007130.7	21	21000001	22000000	1000000	653593	0.653593	2756
NC_007130.7	22	22000001	23000000	1000000	606477	0.606477	2537
NC_007130.7	23	23000001	24000000	1000000	741405	0.741405	2197
NC_007130.7	24	24000001	25000000	1000000	643430	0.64343	2125
NC_007130.7	25	25000001	26000000	1000000	645754	0.645754	2468
NC_007130.7	26	26000001	27000000	1000000	579881	0.579881	2319
NC_007130.7	27	27000001	28000000	1000000	629467	0.629467	2468
NC_007130.7	28	28000001	29000000	1000000	610494	0.610494	2638
NC_007130.7	29	29000001	30000000	1000000	618629	0.618629	2678
NC_007130.7	30	30000001	31000000	1000000	579587	0.579587	2602
NC_007130.7	31	31000001	32000000	1000000	624702	0.624702	2608
NC_007130.7	32	32000001	33000000	1000000	601771	0.601771	2711
NC_007130.7	33	33000001	34000000	1000000	582358	0.582358	2621
NC_007130.7	34	34000001	35000000	1000000	595433	0.595433	2785
NC_007130.7	35	35000001	36000000	1000000	589815	0.589815	2587
NC_007130.7	36	36000001	37000000	1000000	584759	0.584759	2798
NC_007130.7	37	37000001	38000000	1000000	563894	0.563894	2666
NC_007130.7	38	38000001	39000000	1000000	634201	0.634201	2862
NC_007130.7	39	39000001	40000000	1000000	634431	0.634431	2861
NC_007130.7	40	40000001	41000000	1000000	649054	0.649054	3018
NC_007130.7	41	41000001	42000000	1000000	600761	0.600761	2979
NC_007130.7	42	42000001	43000000	1000000	645936	0.645936	3077
NC_007130.7	43	43000001	44000000	1000000	687364	0.687364	3400
NC_007130.7	44	44000001	45000000	1000000	704714	0.704714	3434
NC_007130.7	45	45000001	46000000	1000000	688904	0.688904	3385
NC_007130.7	46	46000001	47000000	1000000	685397	0.685397	3662
NC_007130.7	47	47000001	48000000	1000000	676649	0.676649	3585
NC_007130.7	48	48000001	48449771	449771	272133	0.605047902154652	1706
NC_007131.7	0	1	1000000	1000000	626652	0.626652	3485
NC_007131.7	1	1000001	2000000	1000000	679374	0.679374	3468
NC_007131.7	2	2000001	3000000	1000000	744331	0.744331	3536
NC_007131.7	3	3000001	4000000	1000000	689190	0.68919	3067
NC_007131.7	4	4000001	5000000	1000000	714498	0.714498	3236
NC_007131.7	5	5000001	6000000	1000000	748598	0.748598	3030
NC_007131.7	6	6000001	7000000	1000000	764470	0.76447	2961
NC_007131.7	7	7000001	8000000	1000000	665470	0.66547	2913
NC_007131.7	8	8000001	9000000	1000000	659229	0.659229	2859
NC_007131.7	9	9000001	10000000	1000000	709690	0.70969	2703
NC_007131.7	10	10000001	11000000	1000000	688303	0.688303	2640
NC_007131.7	11	11000001	12000000	1000000	748046	0.748046	2873
NC_007131.7	12	12000001	13000000	1000000	852057	0.852057	1814
NC_007131.7	13	13000001	14000000	1000000	793396	0.793396	2612
NC_007131.7	14	14000001	15000000	1000000	733992	0.733992	2547
NC_007131.7	15	15000001	16000000	1000000	708145	0.708145	2790
NC_007131.7	16	16000001	17000000	1000000	686004	0.686004	2836
NC_007131.7	17	17000001	18000000	1000000	724152	0.724152	2595
NC_007131.7	18	18000001	19000000	1000000	640551	0.640551	2736
NC_007131.7	19	19000001	20000000	1000000	633472	0.633472	2424
NC_007131.7	20	20000001	21000000	1000000	572809	0.572809	2501
NC_007131.7	21	21000001	22000000	1000000	588937	0.588937	2472
NC_007131.7	22	22000001	23000000	1000000	553224	0.553224	2628
NC_007131.7	23	23000001	24000000	1000000	482962	0.482962	2069
NC_007131.7	24	24000001	25000000	1000000	562390	0.56239	2475
NC_007131.7	25	25000001	26000000	1000000	462841	0.462841	1945
NC_007131.7	26	26000001	27000000	1000000	487480	0.48748	2063
NC_007131.7	27	27000001	28000000	1000000	519669	0.519669	2315
NC_007131.7	28	28000001	29000000	1000000	558954	0.558954	2441
NC_007131.7	29	29000001	30000000	1000000	507160	0.50716	2333
NC_007131.7	30	30000001	31000000	1000000	531366	0.531366	2384
NC_007131.7	31	31000001	32000000	1000000	508982	0.508982	2288
NC_007131.7	32	32000001	33000000	1000000	552982	0.552982	2488
NC_007131.7	33	33000001	34000000	1000000	519016	0.519016	2487
NC_007131.7	34	34000001	35000000	1000000	496028	0.496028	2293
NC_007131.7	35	35000001	36000000	1000000	555822	0.555822	2334
NC_007131.7	36	36000001	37000000	1000000	591819	0.591819	2709
NC_007131.7	37	37000001	38000000	1000000	587342	0.587342	2713
NC_007131.7	38	38000001	39000000	1000000	574479	0.574479	2706
NC_007131.7	39	39000001	40000000	1000000	639928	0.639928	2885
NC_007131.7	40	40000001	41000000	1000000	632971	0.632971	2940
NC_007131.7	41	41000001	42000000	1000000	654062	0.654062	2903
NC_007131.7	42	42000001	43000000	1000000	684400	0.6844	3120
NC_007131.7	43	43000001	44000000	1000000	633004	0.633004	2848
NC_007131.7	44	44000001	45000000	1000000	671442	0.671442	3117
NC_007131.7	45	45000001	46000000	1000000	723666	0.723666	3380
NC_007131.7	46	46000001	47000000	1000000	719313	0.719313	2979
NC_007131.7	47	47000001	48000000	1000000	731321	0.731321	2998
NC_007131.7	48	48000001	49000000	1000000	760754	0.760754	3313
NC_007131.7	49	49000001	50000000	1000000	766477	0.766477	3285
NC_007131.7	50	50000001	51000000	1000000	814546	0.814546	3440
NC_007131.7	51	51000001	52000000	1000000	787767	0.787767	3262
NC_007131.7	52	52000001	53000000	1000000	800806	0.800806	3500
NC_007131.7	53	53000001	54000000	1000000	804803	0.804803	3878
NC_007131.7	54	54000001	55000000	1000000	726869	0.726869	3365
NC_007131.7	55	55000001	55201332	201332	153537	0.762606043748634	409
NC_007132.7	0	1	1000000	1000000	740799	0.740799	4142
NC_007132.7	1	1000001	2000000	1000000	733347	0.733347	3899
NC_007132.7	2	2000001	3000000	1000000	777003	0.777003	3264
NC_007132.7	3	3000001	4000000	1000000	773809	0.773809	3518
NC_007132.7	4	4000001	5000000	1000000	701896	0.701896	3027
NC_007132.7	5	5000001	6000000	1000000	699515	0.699515	3131
NC_007132.7	6	6000001	7000000	1000000	704263	0.704263	3059
NC_007132.7	7	7000001	8000000	1000000	718226	0.718226	3355
NC_007132.7	8	8000001	9000000	1000000	687413	0.687413	2901
NC_007132.7	9	9000001	10000000	1000000	632659	0.632659	2782
NC_007132.7	10	10000001	11000000	1000000	614060	0.61406	2918
NC_007132.7	11	11000001	12000000	1000000	591514	0.591514	2687
NC_007132.7	12	12000001	13000000	1000000	603771	0.603771	2915
NC_007132.7	13	13000001	14000000	1000000	575513	0.575513	2551
NC_007132.7	14	14000001	15000000	1000000	590659	0.590659	2889
NC_007132.7	15	15000001	16000000	1000000	560530	0.56053	2439
NC_007132.7	16	16000001	17000000	1000000	581051	0.581051	2656
NC_007132.7	17	17000001	18000000	1000000	536704	0.536704	2316
NC_007132.7	18	18000001	19000000	1000000	501475	0.501475	1920
NC_007132.7	19	19000001	20000000	1000000	522987	0.522987	2308
NC_007132.7	20	20000001	21000000	1000000	569340	0.56934	2263
NC_007132.7	21	21000001	22000000	1000000	527824	0.527824	2172
NC_007132.7	22	22000001	23000000	1000000	538989	0.538989	2278
NC_007132.7	23	23000001	24000000	1000000	522592	0.522592	2215
NC_007132.7	24	24000001	25000000	1000000	545143	0.545143	2371
NC_007132.7	25	25000001	26000000	1000000	568543	0.568543	2227
NC_007132.7	26	26000001	27000000	1000000	561467	0.561467	2206
NC_007132.7	27	27000001	28000000	1000000	530299	0.530299	2302
NC_007132.7	28	28000001	29000000	1000000	564657	0.564657	2605
NC_007132.7	29	29000001	30000000	1000000	807301	0.807301	2779
NC_007132.7	30	30000001	31000000	1000000	628289	0.628289	2712
NC_007132.7	31	31000001	32000000	1000000	639884	0.639884	2706
NC_007132.7	32	32000001	33000000	1000000	691463	0.691463	2603
NC_007132.7	33	33000001	34000000	1000000	784554	0.784554	2149
NC_007132.7	34	34000001	35000000	1000000	704829	0.704829	2875
NC_007132.7	35	35000001	36000000	1000000	766070	0.76607	2956
NC_007132.7	36	36000001	37000000	1000000	713100	0.7131	2797
NC_007132.7	37	37000001	38000000	1000000	720678	0.720678	3109
NC_007132.7	38	38000001	39000000	1000000	661141	0.661141	2800
NC_007132.7	39	39000001	40000000	1000000	668798	0.668798	2666
NC_007132.7	40	40000001	41000000	1000000	672056	0.672056	2743
NC_007132.7	41	41000001	42000000	1000000	705579	0.705579	3050
NC_007132.7	42	42000001	43000000	1000000	724081	0.724081	3392
NC_007132.7	43	43000001	44000000	1000000	699116	0.699116	3254
NC_007132.7	44	44000001	45000000	1000000	700237	0.700237	3618
NC_007132.7	45	45000001	45934066	934066	581789	0.6228564148571942	3422
NC_007133.7	0	1	1000000	1000000	539561	0.539561	3102
NC_007133.7	1	1000001	2000000	1000000	748278	0.748278	3002
NC_007133.7	2	2000001	3000000	1000000	783436	0.783436	2812
NC_007133.7	3	3000001	4000000	1000000	583538	0.583538	2768
NC_007133.7	4	4000001	5000000	1000000	607705	0.607705	2626
NC_007133.7	5	5000001	6000000	1000000	629571	0.629571	2822
NC_007133.7	6	6000001	7000000	1000000	698081	0.698081	2737
NC_007133.7	7	7000001	8000000	1000000	665060	0.66506	2623
NC_007133.7	8	8000001	9000000	1000000	643409	0.643409	2590
NC_007133.7	9	9000001	10000000	1000000	568038	0.568038	2256
NC_007133.7	10	10000001	11000000	1000000	540419	0.540419	2535
NC_007133.7	11	11000001	12000000	1000000	550482	0.550482	2458
NC_007133.7	12	12000001	13000000	1000000	572813	0.572813	2591
NC_007133.7	13	13000001	14000000	1000000	574027	0.574027	2493
NC_007133.7	14	14000001	15000000	1000000	546936	0.546936	2308
NC_007133.7	15	15000001	16000000	1000000	525940	0.52594	2464
NC_007133.7	16	16000001	17000000	1000000	488691	0.488691	2397
NC_007133.7	17	17000001	18000000	1000000	527427	0.527427	2378
NC_007133.7	18	18000001	19000000	1000000	555557	0.555557	2488
NC_007133.7	19	19000001	20000000	1000000	614723	0.614723	2495
NC_007133.7	20	20000001	21000000	1000000	553473	0.553473	2277
NC_007133.7	21	21000001	22000000	1000000	550543	0.550543	2363
NC_007133.7	22	22000001	23000000	1000000	579916	0.579916	2517
NC_007133.7	23	23000001	24000000	1000000	610077	0.610077	2522
NC_007133.7	24	24000001	25000000	1000000	633822	0.633822	2355
NC_007133.7	25	25000001	26000000	1000000	739382	0.739382	2399
NC_007133.7	26	26000001	27000000	1000000	661671	0.661671	2728
NC_007133.7	27	27000001	28000000	1000000	784229	0.784229	1813
NC_007133.7	28	28000001	29000000	1000000	690575	0.690575	1931
NC_007133.7	29	29000001	30000000	1000000	689562	0.689562	2650
NC_007133.7	30	30000001	31000000	1000000	712557	0.712557	2475
NC_007133.7	31	31000001	32000000	1000000	675379	0.675379	2701
NC_007133.7	32	32000001	33000000	1000000	680224	0.680224	2856
NC_007133.7	33	33000001	34000000	1000000	659867	0.659867	2887
NC_007133.7	34	34000001	35000000	1000000	681061	0.681061	3031
NC_007133.7	35	35000001	36000000	1000000	664620	0.66462	2943
NC_007133.7	36	36000001	37000000	1000000	651660	0.65166	3057
NC_007133.7	37	37000001	38000000	1000000	657168	0.657168	3186
NC_007133.7	38	38000001	39000000	1000000	674563	0.674563	3417
NC_007133.7	39	39000001	39133080	133080	77312	0.5809437932070934	337
NC_007134.7	0	1	1000000	1000000	623429	0.623429	3413
NC_007134.7	1	1000001	2000000	1000000	682125	0.682125	3584
NC_007134.7	2	2000001	3000000	1000000	711961	0.711961	3422
NC_007134.7	3	3000001	4000000	1000000	659747	0.659747	3071
NC_007134.7	4	4000001	5000000	1000000	721297	0.721297	3272
NC_007134.7	5	5000001	6000000	1000000	687668	0.687668	3127
NC_007134.7	6	6000001	7000000	1000000	694687	0.694687	3030
NC_007134.7	7	7000001	8000000	1000000	649523	0.649523	2776
NC_007134.7	8	8000001	9000000	1000000	703808	0.703808	3006
NC_007134.7	9	9000001	10000000	1000000	668792	0.668792	2801
NC_007134.7	10	10000001	11000000	1000000	667447	0.667447	2586
NC_007134.7	11	11000001	12000000	1000000	715085	0.715085	2617
NC_007134.7	12	12000001	13000000	1000000	788633	0.788633	2130
NC_007134.7	13	13000001	14000000	1000000	731084	0.731084	2599
NC_007134.7	14	14000001	15000000	1000000	724503	0.724503	2814
NC_007134.7	15	15000001	16000000	1000000	720897	0.720897	2545
NC_007134.7	16	16000001	17000000	1000000	776443	0.776443	1855
NC_007134.7	17	17000001	18000000	1000000	587964	0.587964	2497
NC_007134.7	18	18000001	19000000	1000000	628709	0.628709	2368
NC_007134.7	19	19000001	20000000	1000000	555759	0.555759	2256
NC_007134.7	20	20000001	21000000	1000000	531133	0.531133	2368
NC_007134.7	21	21000001	22000000	1000000	546302	0.546302	2058
NC_007134.7	22	22000001	23000000	1000000	530212	0.530212	2158
NC_007134.7	23	23000001	24000000	1000000	499842	0.499842	2217
NC_007134.7	24	24000001	25000000	1000000	512353	0.512353	2366
NC_007134.7	25	25000001	26000000	1000000	559071	0.559071	2295
NC_007134.7	26	26000001	27000000	1000000	535123	0.535123	2493
NC_007134.7	27	27000001	28000000	1000000	505826	0.505826	2270
NC_007134.7	28	28000001	29000000	1000000	503134	0.503134	2262
NC_007134.7	29	29000001	30000000	1000000	496221	0.496221	2355
NC_007134.7	30	30000001	31000000	1000000	511772	0.511772	2307
NC_007134.7	31	31000001	32000000	1000000	552657	0.552657	2536
NC_007134.7	32	32000001	33000000	1000000	535229	0.535229	2628
NC_007134.7	33	33000001	34000000	1000000	599518	0.599518	2848
NC_007134.7	34	34000001	35000000	1000000	618499	0.618499	2769
NC_007134.7	35	35000001	36000000	1000000	617204	0.617204	2784
NC_007134.7	36	36000001	37000000	1000000	555855	0.555855	2706
NC_007134.7	37	37000001	38000000	1000000	674758	0.674758	3120
NC_007134.7	38	38000001	39000000	1000000	712771	0.712771	3369
NC_007134.7	39	39000001	40000000	1000000	703363	0.703363	3227
NC_007134.7	40	40000001	41000000	1000000	734560	0.73456	3391
NC_007134.7	41	41000001	42000000	1000000	758549	0.758549	3537
NC_007134.7	42	42000001	43000000	1000000	743326	0.743326	3207
NC_007134.7	43	43000001	44000000	1000000	741229	0.741229	3218
NC_007134.7	44	44000001	45000000	1000000	797865	0.797865	3813
NC_007134.7	45	45000001	46000000	1000000	720461	0.720461	3871
NC_007134.7	46	46000001	46223584	223584	155553	0.6957250966079863	926
NC_007135.7	0	1	1000000	1000000	581988	0.581988	3574
NC_007135.7	1	1000001	2000000	1000000	580893	0.580893	2993
NC_007135.7	2	2000001	3000000	1000000	593996	0.593996	3157
NC_007135.7	3	3000001	4000000	1000000	554843	0.554843	2992
NC_007135.7	4	4000001	5000000	1000000	530072	0.530072	2960
NC_007135.7	5	5000001	6000000	1000000	591308	0.591308	2955
NC_007135.7	6	6000001	7000000	1000000	603582	0.603582	2884
NC_007135.7	7	7000001	8000000	1000000	620341	0.620341	2851
NC_007135.7	8	8000001	9000000	1000000	653008	0.653008	2902
NC_007135.7	9	9000001	10000000	1000000	664699	0.664699	2966
NC_007135.7	10	10000001	11000000	1000000	686774	0.686774	3040
NC_007135.7	11	11000001	12000000	1000000	748194	0.748194	2656
NC_007135.7	12	12000001	13000000	1000000	659316	0.659316	1608
NC_007135.7	13	13000001	14000000	1000000	627357	0.627357	2576
NC_007135.7	14	14000001	15000000	1000000	629830	0.62983	2633
NC_007135.7	15	15000001	16000000	1000000	688724	0.688724	2496
NC_007135.7	16	16000001	17000000	1000000	685010	0.68501	2242
NC_007135.7	17	17000001	18000000	1000000	590628	0.590628	2329
NC_007135.7	18	18000001	19000000	1000000	666718	0.666718	2490
NC_007135.7	19	19000001	20000000	1000000	595312	0.595312	2513
NC_007135.7	20	20000001	21000000	1000000	563561	0.563561	2357
NC_007135.7	21	21000001	22000000	1000000	550837	0.550837	2429
NC_007135.7	22	22000001	23000000	1000000	596040	0.59604	2762
NC_007135.7	23	23000001	24000000	1000000	463561	0.463561	2178
NC_007135.7	24	24000001	25000000	1000000	593417	0.593417	2694
NC_007135.7	25	25000001	26000000	1000000	564744	0.564744	2494
NC_007135.7	26	26000001	27000000	1000000	581069	0.581069	2685
NC_007135.7	27	27000001	28000000	1000000	609337	0.609337	2602
NC_007135.7	28	28000001	29000000	1000000	593556	0.593556	2754
NC_007135.7	29	29000001	30000000	1000000	668726	0.668726	2885
NC_007135.7	30	30000001	31000000	1000000	652540	0.65254	3072
NC_007135.7	31	31000001	32000000	1000000	665572	0.665572	3080
NC_007135.7	32	32000001	33000000	1000000	676256	0.676256	3132
NC_007135.7	33	33000001	34000000	1000000	644930	0.64493	2967
NC_007135.7	34	34000001	35000000	1000000	668550	0.66855	3054
NC_007135.7	35	35000001	36000000	1000000	675944	0.675944	3033
NC_007135.7	36	36000001	37000000	1000000	696903	0.696903	3056
NC_007135.7	37	37000001	38000000	1000000	703885	0.703885	3225
NC_007135.7	38	38000001	39000000	1000000	709366	0.709366	3302
NC_007135.7	39	39000001	40000000	1000000	669135	0.669135	3108
NC_007135.7	40	40000001	41000000	1000000	638981	0.638981	3330
NC_007135.7	41	41000001	42000000	1000000	692687	0.692687	3689
NC_007135.7	42	42000001	42172926	172926	96185	0.5562205799012294	607
NC_007136.7	0	1	1000000	1000000	619762	0.619762	3441
NC_007136.7	1	1000001	2000000	1000000	666887	0.666887	3183
NC_007136.7	2	2000001	3000000	1000000	665057	0.665057	3081
NC_007136.7	3	3000001	4000000	1000000	635718	0.635718	3018
NC_007136.7	4	4000001	5000000	1000000	673835	0.673835	3050
NC_007136.7	5	5000001	6000000	1000000	657246	0.657246	3059
NC_007136.7	6	6000001	7000000	1000000	644411	0.644411	2972
NC_007136.7	7	7000001	8000000	1000000	625897	0.625897	2972
NC_007136.7	8	8000001	9000000	1000000	594770	0.59477	2613
NC_007136.7	9	9000001	10000000	1000000	624881	0.624881	2870
NC_007136.7	10	10000001	11000000	1000000	619774	0.619774	2632
NC_007136.7	11	11000001	12000000	1000000	563971	0.563971	2765
NC_007136.7	12	12000001	13000000	1000000	604642	0.604642	2459
NC_007136.7	13	13000001	14000000	1000000	623252	0.623252	2332
NC_007136.7	14	14000001	15000000	1000000	564442	0.564442	2448
NC_007136.7	15	15000001	16000000	1000000	608241	0.608241	2551
NC_007136.7	16	16000001	17000000	1000000	567833	0.567833	2533
NC_007136.7	17	17000001	18000000	1000000	565730	0.56573	2534
NC_007136.7	18	18000001	19000000	1000000	579356	0.579356	2196
NC_007136.7	19	19000001	20000000	1000000	585174	0.585174	2590
NC_007136.7	20	20000001	21000000	1000000	642512	0.642512	2592
NC_007136.7	21	21000001	22000000	1000000	661890	0.66189	2614
NC_007136.7	22	22000001	23000000	1000000	700359	0.700359	2969
NC_007136.7	23	23000001	24000000	1000000	717095	0.717095	2619
NC_007136.7	24	24000001	25000000	1000000	723099	0.723099	2950
NC_007136.7	25	25000001	26000000	1000000	792478	0.792478	2049
NC_007136.7	26	26000001	27000000	1000000	644229	0.644229	1489
NC_007136.7	27	27000001	28000000	1000000	746877	0.746877	2586
NC_007136.7	28	28000001	29000000	1000000	723940	0.72394	2799
NC_007136.7	29	29000001	30000000	1000000	705112	0.705112	2777
NC_007136.7	30	30000001	31000000	1000000	667654	0.667654	2811
NC_007136.7	31	31000001	32000000	1000000	698803	0.698803	3037
NC_007136.7	32	32000001	33000000	1000000	647630	0.64763	2897
NC_007136.7	33	33000001	34000000	1000000	608330	0.60833	3126
NC_007136.7	34	34000001	35000000	1000000	660023	0.660023	3139
NC_007136.7	35	35000001	36000000	1000000	563579	0.563579	2701
NC_007136.7	36	36000001	37000000	1000000	553259	0.553259	2979
NC_007136.7	37	37000001	37502051	502051	304783	0.6070757751702516	2068
NC_002333.2	0	1	16596	16596	0	0.0	0
