chrom	window_index	window_start	window_end	window_size	gene_bp	gene_fraction	gene_count
NC_007112.7	0	1	1000000	1000000	630698	0.630698	48
NC_007112.7	1	1000001	2000000	1000000	327295	0.327295	13
NC_007112.7	2	2000001	3000000	1000000	625752	0.625752	13
NC_007112.7	3	3000001	4000000	1000000	230821	0.230821	1
NC_007112.7	4	4000001	5000000	1000000	52592	0.052592	1
NC_007112.7	5	5000001	6000000	1000000	536724	0.536724	10
NC_007112.7	6	6000001	7000000	1000000	421584	0.421584	14
NC_007112.7	7	7000001	8000000	1000000	474527	0.474527	18
NC_007112.7	8	8000001	9000000	1000000	655519	0.655519	26
NC_007112.7	9	9000001	10000000	1000000	723106	0.723106	35
NC_007112.7	10	10000001	11000000	1000000	692569	0.692569	25
NC_007112.7	11	11000001	12000000	1000000	776021	0.776021	18
NC_007112.7	12	12000001	13000000	1000000	356142	0.356142	19
NC_007112.7	13	13000001	14000000	1000000	65936	0.065936	4
NC_007112.7	14	14000001	15000000	1000000	349209	0.349209	19
NC_007112.7	15	15000001	16000000	1000000	352476	0.352476	6
NC_007112.7	16	16000001	17000000	1000000	380129	0.380129	9
NC_007112.7	17	17000001	18000000	1000000	419424	0.419424	15
NC_007112.7	18	18000001	19000000	1000000	571380	0.57138	12
NC_007112.7	19	19000001	20000000	1000000	707869	0.707869	25
NC_007112.7	20	20000001	21000000	1000000	542266	0.542266	11
NC_007112.7	21	21000001	22000000	1000000	637272	0.637272	16
NC_007112.7	22	22000001	23000000	1000000	736223	0.736223	18
NC_007112.7	23	23000001	24000000	1000000	746366	0.746366	19
NC_007112.7	24	24000001	25000000	1000000	669467	0.669467	11
NC_007112.7	25	25000001	26000000	1000000	613724	0.613724	20
NC_007112.7	26	26000001	27000000	1000000	643672	0.643672	26
NC_007112.7	27	27000001	28000000	1000000	342222	0.342222	7
NC_007112.7	28	28000001	29000000	1000000	504719	0.504719	10
NC_007112.7	29	29000001	30000000	1000000	664550	0.66455	23
NC_007112.7	30	30000001	31000000	1000000	581166	0.581166	12
NC_007112.7	31	31000001	32000000	1000000	732108	0.732108	17
NC_007112.7	32	32000001	33000000	1000000	259828	0.259828	6
NC_007112.7	33	33000001	34000000	1000000	349594	0.349594	12
NC_007112.7	34	34000001	35000000	1000000	720747	0.720747	15
NC_007112.7	35	35000001	36000000	1000000	476444	0.476444	12
NC_007112.7	36	36000001	37000000	1000000	551697	0.551697	9
NC_007112.7	37	37000001	38000000	1000000	545171	0.545171	9
NC_007112.7	38	38000001	39000000	1000000	578188	0.578188	14
NC_007112.7	39	39000001	40000000	1000000	564123	0.564123	7
NC_007112.7	40	40000001	41000000	1000000	618063	0.618063	31
NC_007112.7	41	41000001	42000000	1000000	528901	0.528901	17
NC_007112.7	42	42000001	43000000	1000000	786192	0.786192	3
NC_007112.7	43	43000001	44000000	1000000	272933	0.272933	16
NC_007112.7	44	44000001	45000000	1000000	640700	0.6407	52
NC_007112.7	45	45000001	46000000	1000000	804968	0.804968	31
NC_007112.7	46	46000001	47000000	1000000	536427	0.536427	20
NC_007112.7	47	47000001	48000000	1000000	652943	0.652943	17
NC_007112.7	48	48000001	49000000	1000000	279404	0.279404	3
NC_007112.7	49	49000001	50000000	1000000	501132	0.501132	24
NC_007112.7	50	50000001	51000000	1000000	639520	0.63952	18
NC_007112.7	51	51000001	52000000	1000000	580244	0.580244	27
NC_007112.7	52	52000001	53000000	1000000	592510	0.59251	29
NC_007112.7	53	53000001	54000000	1000000	714156	0.714156	26
NC_007112.7	54	54000001	55000000	1000000	620492	0.620492	35
NC_007112.7	55	55000001	56000000	1000000	498957	0.498957	49
NC_007112.7	56	56000001	57000000	1000000	432053	0.432053	39
NC_007112.7	57	57000001	58000000	1000000	367573	0.367573	31
NC_007112.7	58	58000001	59000000	1000000	679494	0.679494	65
NC_007112.7	59	59000001	59578282	578282	303737	0.5252402806935025	41
NC_007113.7	0	1	1000000	1000000	359015	0.359015	38
NC_007113.7	1	1000001	2000000	1000000	706419	0.706419	20
NC_007113.7	2	2000001	3000000	1000000	693677	0.693677	21
NC_007113.7	3	3000001	4000000	1000000	543468	0.543468	23
NC_007113.7	4	4000001	5000000	1000000	421927	0.421927	13
NC_007113.7	5	5000001	6000000	1000000	690969	0.690969	29
NC_007113.7	6	6000001	7000000	1000000	464543	0.464543	23
NC_007113.7	7	7000001	8000000	1000000	605322	0.605322	25
NC_007113.7	8	8000001	9000000	1000000	507075	0.507075	12
NC_007113.7	9	9000001	10000000	1000000	823210	0.82321	25
NC_007113.7	10	10000001	11000000	1000000	732585	0.732585	27
NC_007113.7	11	11000001	12000000	1000000	724696	0.724696	16
NC_007113.7	12	12000001	13000000	1000000	709882	0.709882	6
NC_007113.7	13	13000001	14000000	1000000	668004	0.668004	13
NC_007113.7	14	14000001	15000000	1000000	339472	0.339472	7
NC_007113.7	15	15000001	16000000	1000000	663670	0.66367	13
NC_007113.7	16	16000001	17000000	1000000	840423	0.840423	21
NC_007113.7	17	17000001	18000000	1000000	726333	0.726333	13
NC_007113.7	18	18000001	19000000	1000000	142117	0.142117	3
NC_007113.7	19	19000001	20000000	1000000	505609	0.505609	17
NC_007113.7	20	20000001	21000000	1000000	635325	0.635325	20
NC_007113.7	21	21000001	22000000	1000000	679345	0.679345	22
NC_007113.7	22	22000001	23000000	1000000	733450	0.73345	28
NC_007113.7	23	23000001	24000000	1000000	608726	0.608726	34
NC_007113.7	24	24000001	25000000	1000000	714019	0.714019	36
NC_007113.7	25	25000001	26000000	1000000	833815	0.833815	14
NC_007113.7	26	26000001	27000000	1000000	531501	0.531501	23
NC_007113.7	27	27000001	28000000	1000000	549698	0.549698	22
NC_007113.7	28	28000001	29000000	1000000	241716	0.241716	7
NC_007113.7	29	29000001	30000000	1000000	630972	0.630972	11
NC_007113.7	30	30000001	31000000	1000000	640664	0.640664	33
NC_007113.7	31	31000001	32000000	1000000	616614	0.616614	44
NC_007113.7	32	32000001	33000000	1000000	512658	0.512658	26
NC_007113.7	33	33000001	34000000	1000000	626680	0.62668	18
NC_007113.7	34	34000001	35000000	1000000	724194	0.724194	7
NC_007113.7	35	35000001	36000000	1000000	795521	0.795521	12
NC_007113.7	36	36000001	37000000	1000000	585406	0.585406	166
NC_007113.7	37	37000001	38000000	1000000	691024	0.691024	47
NC_007113.7	38	38000001	39000000	1000000	708294	0.708294	31
NC_007113.7	39	39000001	40000000	1000000	637765	0.637765	10
NC_007113.7	40	40000001	41000000	1000000	461458	0.461458	7
NC_007113.7	41	41000001	42000000	1000000	426736	0.426736	11
NC_007113.7	42	42000001	43000000	1000000	798595	0.798595	37
NC_007113.7	43	43000001	44000000	1000000	715874	0.715874	22
NC_007113.7	44	44000001	45000000	1000000	858933	0.858933	23
NC_007113.7	45	45000001	46000000	1000000	559551	0.559551	29
NC_007113.7	46	46000001	47000000	1000000	372172	0.372172	4
NC_007113.7	47	47000001	48000000	1000000	345275	0.345275	17
NC_007113.7	48	48000001	49000000	1000000	390928	0.390928	23
NC_007113.7	49	49000001	50000000	1000000	604244	0.604244	19
NC_007113.7	50	50000001	51000000	1000000	628015	0.628015	16
NC_007113.7	51	51000001	52000000	1000000	526117	0.526117	34
NC_007113.7	52	52000001	53000000	1000000	417839	0.417839	10
NC_007113.7	53	53000001	54000000	1000000	525554	0.525554	13
NC_007113.7	54	54000001	55000000	1000000	721565	0.721565	13
NC_007113.7	55	55000001	56000000	1000000	455376	0.455376	14
NC_007113.7	56	56000001	57000000	1000000	603262	0.603262	17
NC_007113.7	57	57000001	58000000	1000000	585522	0.585522	18
NC_007113.7	58	58000001	59000000	1000000	384977	0.384977	20
NC_007113.7	59	59000001	59640629	640629	176064	0.2748298937450537	15
NC_007114.7	0	1	1000000	1000000	1038479	1.038479	28
NC_007114.7	1	1000001	2000000	1000000	421222	0.421222	38
NC_007114.7	2	2000001	3000000	1000000	277474	0.277474	12
NC_007114.7	3	3000001	4000000	1000000	411179	0.411179	32
NC_007114.7	4	4000001	5000000	1000000	387477	0.387477	22
NC_007114.7	5	5000001	6000000	1000000	553757	0.553757	20
NC_007114.7	6	6000001	7000000	1000000	363084	0.363084	16
NC_007114.7	7	7000001	8000000	1000000	608138	0.608138	32
NC_007114.7	8	8000001	9000000	1000000	410036	0.410036	16
NC_007114.7	9	9000001	10000000	1000000	246670	0.24667	11
NC_007114.7	10	10000001	11000000	1000000	288137	0.288137	13
NC_007114.7	11	11000001	12000000	1000000	394498	0.394498	13
NC_007114.7	12	12000001	13000000	1000000	852610	0.85261	24
NC_007114.7	13	13000001	14000000	1000000	529126	0.529126	23
NC_007114.7	14	14000001	15000000	1000000	582558	0.582558	16
NC_007114.7	15	15000001	16000000	1000000	716113	0.716113	35
NC_007114.7	16	16000001	17000000	1000000	588788	0.588788	26
NC_007114.7	17	17000001	18000000	1000000	746592	0.746592	16
NC_007114.7	18	18000001	19000000	1000000	636786	0.636786	31
NC_007114.7	19	19000001	20000000	1000000	606459	0.606459	22
NC_007114.7	20	20000001	21000000	1000000	407330	0.40733	13
NC_007114.7	21	21000001	22000000	1000000	558876	0.558876	16
NC_007114.7	22	22000001	23000000	1000000	859903	0.859903	17
NC_007114.7	23	23000001	24000000	1000000	529407	0.529407	28
NC_007114.7	24	24000001	25000000	1000000	640724	0.640724	31
NC_007114.7	25	25000001	26000000	1000000	726411	0.726411	25
NC_007114.7	26	26000001	27000000	1000000	625730	0.62573	34
NC_007114.7	27	27000001	28000000	1000000	599800	0.5998	17
NC_007114.7	28	28000001	29000000	1000000	678491	0.678491	11
NC_007114.7	29	29000001	30000000	1000000	691741	0.691741	21
NC_007114.7	30	30000001	31000000	1000000	681329	0.681329	21
NC_007114.7	31	31000001	32000000	1000000	550955	0.550955	36
NC_007114.7	32	32000001	33000000	1000000	799033	0.799033	64
NC_007114.7	33	33000001	34000000	1000000	575473	0.575473	30
NC_007114.7	34	34000001	35000000	1000000	724945	0.724945	71
NC_007114.7	35	35000001	36000000	1000000	667573	0.667573	12
NC_007114.7	36	36000001	37000000	1000000	776897	0.776897	35
NC_007114.7	37	37000001	38000000	1000000	751773	0.751773	17
NC_007114.7	38	38000001	39000000	1000000	812449	0.812449	7
NC_007114.7	39	39000001	40000000	1000000	579153	0.579153	20
NC_007114.7	40	40000001	41000000	1000000	737305	0.737305	33
NC_007114.7	41	41000001	42000000	1000000	597063	0.597063	9
NC_007114.7	42	42000001	43000000	1000000	234972	0.234972	9
NC_007114.7	43	43000001	44000000	1000000	848709	0.848709	15
NC_007114.7	44	44000001	45000000	1000000	314233	0.314233	6
NC_007114.7	45	45000001	46000000	1000000	370218	0.370218	13
NC_007114.7	46	46000001	47000000	1000000	585375	0.585375	14
NC_007114.7	47	47000001	48000000	1000000	686257	0.686257	9
NC_007114.7	48	48000001	49000000	1000000	313831	0.313831	12
NC_007114.7	49	49000001	50000000	1000000	419283	0.419283	18
NC_007114.7	50	50000001	51000000	1000000	589120	0.58912	16
NC_007114.7	51	51000001	52000000	1000000	499235	0.499235	5
NC_007114.7	52	52000001	53000000	1000000	498933	0.498933	22
NC_007114.7	53	53000001	54000000	1000000	640212	0.640212	15
NC_007114.7	54	54000001	55000000	1000000	632647	0.632647	16
NC_007114.7	55	55000001	56000000	1000000	674014	0.674014	23
NC_007114.7	56	56000001	57000000	1000000	715950	0.71595	15
NC_007114.7	57	57000001	58000000	1000000	515838	0.515838	18
NC_007114.7	58	58000001	59000000	1000000	487237	0.487237	30
NC_007114.7	59	59000001	60000000	1000000	846582	0.846582	12
NC_007114.7	60	60000001	61000000	1000000	869726	0.869726	24
NC_007114.7	61	61000001	62000000	1000000	493398	0.493398	24
NC_007114.7	62	62000001	62628489	628489	284667	0.45293871491784266	22
NC_007115.7	0	1	1000000	1000000	545180	0.54518	45
NC_007115.7	1	1000001	2000000	1000000	622588	0.622588	24
NC_007115.7	2	2000001	3000000	1000000	744066	0.744066	23
NC_007115.7	3	3000001	4000000	1000000	551683	0.551683	12
NC_007115.7	4	4000001	5000000	1000000	629827	0.629827	23
NC_007115.7	5	5000001	6000000	1000000	710068	0.710068	46
NC_007115.7	6	6000001	7000000	1000000	490192	0.490192	9
NC_007115.7	7	7000001	8000000	1000000	359670	0.35967	15
NC_007115.7	8	8000001	9000000	1000000	1007867	1.007867	18
NC_007115.7	9	9000001	10000000	1000000	841344	0.841344	39
NC_007115.7	10	10000001	11000000	1000000	574916	0.574916	15
NC_007115.7	11	11000001	12000000	1000000	645477	0.645477	25
NC_007115.7	12	12000001	13000000	1000000	655750	0.65575	33
NC_007115.7	13	13000001	14000000	1000000	604052	0.604052	26
NC_007115.7	14	14000001	15000000	1000000	593219	0.593219	27
NC_007115.7	15	15000001	16000000	1000000	739331	0.739331	15
NC_007115.7	16	16000001	17000000	1000000	418628	0.418628	26
NC_007115.7	17	17000001	18000000	1000000	747248	0.747248	28
NC_007115.7	18	18000001	19000000	1000000	663688	0.663688	26
NC_007115.7	19	19000001	20000000	1000000	562482	0.562482	10
NC_007115.7	20	20000001	21000000	1000000	688076	0.688076	29
NC_007115.7	21	21000001	22000000	1000000	665313	0.665313	8
NC_007115.7	22	22000001	23000000	1000000	755602	0.755602	15
NC_007115.7	23	23000001	24000000	1000000	720276	0.720276	7
NC_007115.7	24	24000001	25000000	1000000	31924	0.031924	0
NC_007115.7	25	25000001	26000000	1000000	664148	0.664148	24
NC_007115.7	26	26000001	27000000	1000000	445115	0.445115	10
NC_007115.7	27	27000001	28000000	1000000	619702	0.619702	9
NC_007115.7	28	28000001	29000000	1000000	420558	0.420558	15
NC_007115.7	29	29000001	30000000	1000000	294702	0.294702	16
NC_007115.7	30	30000001	31000000	1000000	326278	0.326278	18
NC_007115.7	31	31000001	32000000	1000000	805303	0.805303	10
NC_007115.7	32	32000001	33000000	1000000	654547	0.654547	12
NC_007115.7	33	33000001	34000000	1000000	433842	0.433842	23
NC_007115.7	34	34000001	35000000	1000000	192474	0.192474	11
NC_007115.7	35	35000001	36000000	1000000	667597	0.667597	13
NC_007115.7	36	36000001	37000000	1000000	218715	0.218715	11
NC_007115.7	37	37000001	38000000	1000000	225448	0.225448	15
NC_007115.7	38	38000001	39000000	1000000	380177	0.380177	21
NC_007115.7	39	39000001	40000000	1000000	284958	0.284958	11
NC_007115.7	40	40000001	41000000	1000000	387823	0.387823	20
NC_007115.7	41	41000001	42000000	1000000	644619	0.644619	17
NC_007115.7	42	42000001	43000000	1000000	409821	0.409821	17
NC_007115.7	43	43000001	44000000	1000000	693192	0.693192	20
NC_007115.7	44	44000001	45000000	1000000	314173	0.314173	16
NC_007115.7	45	45000001	46000000	1000000	312036	0.312036	20
NC_007115.7	46	46000001	47000000	1000000	535968	0.535968	6
NC_007115.7	47	47000001	48000000	1000000	389331	0.389331	14
NC_007115.7	48	48000001	49000000	1000000	105740	0.10574	8
NC_007115.7	49	49000001	50000000	1000000	448322	0.448322	18
NC_007115.7	50	50000001	51000000	1000000	256339	0.256339	19
NC_007115.7	51	51000001	52000000	1000000	168989	0.168989	8
NC_007115.7	52	52000001	53000000	1000000	150417	0.150417	15
NC_007115.7	53	53000001	54000000	1000000	216812	0.216812	8
NC_007115.7	54	54000001	55000000	1000000	545136	0.545136	18
NC_007115.7	55	55000001	56000000	1000000	538408	0.538408	20
NC_007115.7	56	56000001	57000000	1000000	564622	0.564622	19
NC_007115.7	57	57000001	58000000	1000000	300355	0.300355	20
NC_007115.7	58	58000001	59000000	1000000	568914	0.568914	13
NC_007115.7	59	59000001	60000000	1000000	497532	0.497532	16
NC_007115.7	60	60000001	61000000	1000000	442971	0.442971	17
NC_007115.7	61	61000001	62000000	1000000	246564	0.246564	13
NC_007115.7	62	62000001	63000000	1000000	512709	0.512709	14
NC_007115.7	63	63000001	64000000	1000000	437428	0.437428	14
NC_007115.7	64	64000001	65000000	1000000	293489	0.293489	24
NC_007115.7	65	65000001	66000000	1000000	574672	0.574672	16
NC_007115.7	66	66000001	67000000	1000000	67998	0.067998	5
NC_007115.7	67	67000001	68000000	1000000	394057	0.394057	8
NC_007115.7	68	68000001	69000000	1000000	498897	0.498897	21
NC_007115.7	69	69000001	70000000	1000000	551266	0.551266	23
NC_007115.7	70	70000001	71000000	1000000	1686957	1.686957	27
NC_007115.7	71	71000001	72000000	1000000	962146	0.962146	27
NC_007115.7	72	72000001	73000000	1000000	512627	0.512627	21
NC_007115.7	73	73000001	74000000	1000000	816001	0.816001	39
NC_007115.7	74	74000001	75000000	1000000	452343	0.452343	15
NC_007115.7	75	75000001	76000000	1000000	1372312	1.372312	20
NC_007115.7	76	76000001	77000000	1000000	1083992	1.083992	41
NC_007115.7	77	77000001	78000000	1000000	1138224	1.138224	51
NC_007115.7	78	78000001	78093715	93715	73445	0.7837059168756336	4
NC_007116.7	0	1	1000000	1000000	445706	0.445706	12
NC_007116.7	1	1000001	2000000	1000000	794940	0.79494	25
NC_007116.7	2	2000001	3000000	1000000	475177	0.475177	10
NC_007116.7	3	3000001	4000000	1000000	271046	0.271046	13
NC_007116.7	4	4000001	5000000	1000000	444218	0.444218	20
NC_007116.7	5	5000001	6000000	1000000	552286	0.552286	8
NC_007116.7	6	6000001	7000000	1000000	392337	0.392337	13
NC_007116.7	7	7000001	8000000	1000000	656054	0.656054	8
NC_007116.7	8	8000001	9000000	1000000	826374	0.826374	18
NC_007116.7	9	9000001	10000000	1000000	586950	0.58695	26
NC_007116.7	10	10000001	11000000	1000000	272282	0.272282	8
NC_007116.7	11	11000001	12000000	1000000	403225	0.403225	11
NC_007116.7	12	12000001	13000000	1000000	879296	0.879296	19
NC_007116.7	13	13000001	14000000	1000000	738043	0.738043	24
NC_007116.7	14	14000001	15000000	1000000	372598	0.372598	6
NC_007116.7	15	15000001	16000000	1000000	478228	0.478228	13
NC_007116.7	16	16000001	17000000	1000000	807371	0.807371	9
NC_007116.7	17	17000001	18000000	1000000	311633	0.311633	5
NC_007116.7	18	18000001	19000000	1000000	297790	0.29779	10
NC_007116.7	19	19000001	20000000	1000000	578660	0.57866	21
NC_007116.7	20	20000001	21000000	1000000	581186	0.581186	28
NC_007116.7	21	21000001	22000000	1000000	524897	0.524897	13
NC_007116.7	22	22000001	23000000	1000000	637184	0.637184	31
NC_007116.7	23	23000001	24000000	1000000	735656	0.735656	43
NC_007116.7	24	24000001	25000000	1000000	696621	0.696621	36
NC_007116.7	25	25000001	26000000	1000000	582632	0.582632	22
NC_007116.7	26	26000001	27000000	1000000	720983	0.720983	34
NC_007116.7	27	27000001	28000000	1000000	662249	0.662249	13
NC_007116.7	28	28000001	29000000	1000000	677987	0.677987	24
NC_007116.7	29	29000001	30000000	1000000	760718	0.760718	26
NC_007116.7	30	30000001	31000000	1000000	604620	0.60462	31
NC_007116.7	31	31000001	32000000	1000000	795971	0.795971	24
NC_007116.7	32	32000001	33000000	1000000	441638	0.441638	32
NC_007116.7	33	33000001	34000000	1000000	701575	0.701575	25
NC_007116.7	34	34000001	35000000	1000000	489067	0.489067	10
NC_007116.7	35	35000001	36000000	1000000	648521	0.648521	17
NC_007116.7	36	36000001	37000000	1000000	444139	0.444139	27
NC_007116.7	37	37000001	38000000	1000000	719382	0.719382	34
NC_007116.7	38	38000001	39000000	1000000	737002	0.737002	41
NC_007116.7	39	39000001	40000000	1000000	587292	0.587292	13
NC_007116.7	40	40000001	41000000	1000000	625825	0.625825	14
NC_007116.7	41	41000001	42000000	1000000	657456	0.657456	22
NC_007116.7	42	42000001	43000000	1000000	386706	0.386706	32
NC_007116.7	43	43000001	44000000	1000000	421340	0.42134	13
NC_007116.7	44	44000001	45000000	1000000	788270	0.78827	11
NC_007116.7	45	45000001	46000000	1000000	669017	0.669017	11
NC_007116.7	46	46000001	47000000	1000000	685023	0.685023	11
NC_007116.7	47	47000001	48000000	1000000	119619	0.119619	4
NC_007116.7	48	48000001	49000000	1000000	459555	0.459555	7
NC_007116.7	49	49000001	50000000	1000000	248573	0.248573	3
NC_007116.7	50	50000001	51000000	1000000	943476	0.943476	11
NC_007116.7	51	51000001	52000000	1000000	720005	0.720005	22
NC_007116.7	52	52000001	53000000	1000000	535922	0.535922	16
NC_007116.7	53	53000001	54000000	1000000	372365	0.372365	6
NC_007116.7	54	54000001	55000000	1000000	480938	0.480938	22
NC_007116.7	55	55000001	56000000	1000000	501709	0.501709	15
NC_007116.7	56	56000001	57000000	1000000	265714	0.265714	11
NC_007116.7	57	57000001	58000000	1000000	627989	0.627989	27
NC_007116.7	58	58000001	59000000	1000000	532766	0.532766	15
NC_007116.7	59	59000001	60000000	1000000	499823	0.499823	10
NC_007116.7	60	60000001	61000000	1000000	376080	0.37608	6
NC_007116.7	61	61000001	62000000	1000000	830735	0.830735	27
NC_007116.7	62	62000001	63000000	1000000	798475	0.798475	14
NC_007116.7	63	63000001	64000000	1000000	689593	0.689593	21
NC_007116.7	64	64000001	65000000	1000000	434598	0.434598	22
NC_007116.7	65	65000001	66000000	1000000	622644	0.622644	18
NC_007116.7	66	66000001	67000000	1000000	556185	0.556185	19
NC_007116.7	67	67000001	68000000	1000000	631983	0.631983	27
NC_007116.7	68	68000001	69000000	1000000	608233	0.608233	19
NC_007116.7	69	69000001	70000000	1000000	622466	0.622466	34
NC_007116.7	70	70000001	71000000	1000000	410299	0.410299	5
NC_007116.7	71	71000001	72000000	1000000	515727	0.515727	8
NC_007116.7	72	72000001	72500376	500376	195631	0.3909679920699634	17
NC_007117.7	0	1	1000000	1000000	425147	0.425147	35
NC_007117.7	1	1000001	2000000	1000000	363000	0.363	15
NC_007117.7	2	2000001	3000000	1000000	386714	0.386714	11
NC_007117.7	3	3000001	4000000	1000000	775213	0.775213	22
NC_007117.7	4	4000001	5000000	1000000	457288	0.457288	9
NC_007117.7	5	5000001	6000000	1000000	0	0.0	0
NC_007117.7	6	6000001	7000000	1000000	489931	0.489931	19
NC_007117.7	7	7000001	8000000	1000000	684578	0.684578	25
NC_007117.7	8	8000001	9000000	1000000	622615	0.622615	24
NC_007117.7	9	9000001	10000000	1000000	696536	0.696536	32
NC_007117.7	10	10000001	11000000	1000000	734551	0.734551	26
NC_007117.7	11	11000001	12000000	1000000	844291	0.844291	18
NC_007117.7	12	12000001	13000000	1000000	823757	0.823757	17
NC_007117.7	13	13000001	14000000	1000000	767625	0.767625	27
NC_007117.7	14	14000001	15000000	1000000	233592	0.233592	6
NC_007117.7	15	15000001	16000000	1000000	720840	0.72084	16
NC_007117.7	16	16000001	17000000	1000000	643112	0.643112	22
NC_007117.7	17	17000001	18000000	1000000	288046	0.288046	12
NC_007117.7	18	18000001	19000000	1000000	546914	0.546914	24
NC_007117.7	19	19000001	20000000	1000000	642067	0.642067	15
NC_007117.7	20	20000001	21000000	1000000	246226	0.246226	6
NC_007117.7	21	21000001	22000000	1000000	803172	0.803172	21
NC_007117.7	22	22000001	23000000	1000000	258460	0.25846	12
NC_007117.7	23	23000001	24000000	1000000	271296	0.271296	11
NC_007117.7	24	24000001	25000000	1000000	448467	0.448467	13
NC_007117.7	25	25000001	26000000	1000000	211221	0.211221	10
NC_007117.7	26	26000001	27000000	1000000	279828	0.279828	5
NC_007117.7	27	27000001	28000000	1000000	909780	0.90978	19
NC_007117.7	28	28000001	29000000	1000000	774566	0.774566	15
NC_007117.7	29	29000001	30000000	1000000	726855	0.726855	21
NC_007117.7	30	30000001	31000000	1000000	632407	0.632407	15
NC_007117.7	31	31000001	32000000	1000000	706645	0.706645	8
NC_007117.7	32	32000001	33000000	1000000	524382	0.524382	15
NC_007117.7	33	33000001	34000000	1000000	426740	0.42674	14
NC_007117.7	34	34000001	35000000	1000000	494803	0.494803	12
NC_007117.7	35	35000001	36000000	1000000	462928	0.462928	9
NC_007117.7	36	36000001	37000000	1000000	321557	0.321557	10
NC_007117.7	37	37000001	38000000	1000000	699401	0.699401	19
NC_007117.7	38	38000001	39000000	1000000	501068	0.501068	10
NC_007117.7	39	39000001	40000000	1000000	745081	0.745081	40
NC_007117.7	40	40000001	41000000	1000000	774647	0.774647	51
NC_007117.7	41	41000001	42000000	1000000	729165	0.729165	25
NC_007117.7	42	42000001	43000000	1000000	634149	0.634149	19
NC_007117.7	43	43000001	44000000	1000000	631862	0.631862	16
NC_007117.7	44	44000001	45000000	1000000	603499	0.603499	7
NC_007117.7	45	45000001	46000000	1000000	718635	0.718635	9
NC_007117.7	46	46000001	47000000	1000000	667174	0.667174	20
NC_007117.7	47	47000001	48000000	1000000	711716	0.711716	7
NC_007117.7	48	48000001	49000000	1000000	461931	0.461931	12
NC_007117.7	49	49000001	50000000	1000000	620330	0.62033	30
NC_007117.7	50	50000001	51000000	1000000	362465	0.362465	9
NC_007117.7	51	51000001	52000000	1000000	782756	0.782756	11
NC_007117.7	52	52000001	53000000	1000000	604323	0.604323	37
NC_007117.7	53	53000001	54000000	1000000	705187	0.705187	11
NC_007117.7	54	54000001	55000000	1000000	642532	0.642532	24
NC_007117.7	55	55000001	56000000	1000000	499029	0.499029	16
NC_007117.7	56	56000001	57000000	1000000	354768	0.354768	4
NC_007117.7	57	57000001	58000000	1000000	431649	0.431649	7
NC_007117.7	58	58000001	59000000	1000000	785840	0.78584	15
NC_007117.7	59	59000001	60000000	1000000	365148	0.365148	17
NC_007117.7	60	60000001	60270059	270059	104724	0.38778192913400406	10
NC_007118.7	0	1	1000000	1000000	375523	0.375523	11
NC_007118.7	1	1000001	2000000	1000000	372747	0.372747	21
NC_007118.7	2	2000001	3000000	1000000	357625	0.357625	22
NC_007118.7	3	3000001	4000000	1000000	524236	0.524236	35
NC_007118.7	4	4000001	5000000	1000000	939386	0.939386	41
NC_007118.7	5	5000001	6000000	1000000	676153	0.676153	42
NC_007118.7	6	6000001	7000000	1000000	1465079	1.465079	52
NC_007118.7	7	7000001	8000000	1000000	966078	0.966078	22
NC_007118.7	8	8000001	9000000	1000000	678355	0.678355	26
NC_007118.7	9	9000001	10000000	1000000	737978	0.737978	10
NC_007118.7	10	10000001	11000000	1000000	766779	0.766779	8
NC_007118.7	11	11000001	12000000	1000000	393152	0.393152	7
NC_007118.7	12	12000001	13000000	1000000	781627	0.781627	11
NC_007118.7	13	13000001	14000000	1000000	814878	0.814878	17
NC_007118.7	14	14000001	15000000	1000000	665168	0.665168	7
NC_007118.7	15	15000001	16000000	1000000	752254	0.752254	13
NC_007118.7	16	16000001	17000000	1000000	482816	0.482816	11
NC_007118.7	17	17000001	18000000	1000000	904591	0.904591	46
NC_007118.7	18	18000001	19000000	1000000	658246	0.658246	20
NC_007118.7	19	19000001	20000000	1000000	817941	0.817941	38
NC_007118.7	20	20000001	21000000	1000000	839539	0.839539	36
NC_007118.7	21	21000001	22000000	1000000	831220	0.83122	14
NC_007118.7	22	22000001	23000000	1000000	752704	0.752704	29
NC_007118.7	23	23000001	24000000	1000000	613890	0.61389	13
NC_007118.7	24	24000001	25000000	1000000	877067	0.877067	45
NC_007118.7	25	25000001	26000000	1000000	648386	0.648386	21
NC_007118.7	26	26000001	27000000	1000000	663777	0.663777	41
NC_007118.7	27	27000001	28000000	1000000	948778	0.948778	11
NC_007118.7	28	28000001	29000000	1000000	604582	0.604582	14
NC_007118.7	29	29000001	30000000	1000000	605858	0.605858	34
NC_007118.7	30	30000001	31000000	1000000	814311	0.814311	29
NC_007118.7	31	31000001	32000000	1000000	1027803	1.027803	16
NC_007118.7	32	32000001	33000000	1000000	543954	0.543954	15
NC_007118.7	33	33000001	34000000	1000000	581556	0.581556	20
NC_007118.7	34	34000001	35000000	1000000	728731	0.728731	27
NC_007118.7	35	35000001	36000000	1000000	265551	0.265551	17
NC_007118.7	36	36000001	37000000	1000000	485821	0.485821	6
NC_007118.7	37	37000001	38000000	1000000	287660	0.28766	8
NC_007118.7	38	38000001	39000000	1000000	698208	0.698208	37
NC_007118.7	39	39000001	40000000	1000000	863974	0.863974	22
NC_007118.7	40	40000001	41000000	1000000	740349	0.740349	18
NC_007118.7	41	41000001	42000000	1000000	767681	0.767681	31
NC_007118.7	42	42000001	43000000	1000000	438052	0.438052	4
NC_007118.7	43	43000001	44000000	1000000	97790	0.09779	1
NC_007118.7	44	44000001	45000000	1000000	372543	0.372543	13
NC_007118.7	45	45000001	46000000	1000000	84078	0.084078	8
NC_007118.7	46	46000001	47000000	1000000	344173	0.344173	5
NC_007118.7	47	47000001	48000000	1000000	608708	0.608708	6
NC_007118.7	48	48000001	49000000	1000000	512813	0.512813	17
NC_007118.7	49	49000001	50000000	1000000	745279	0.745279	14
NC_007118.7	50	50000001	51000000	1000000	656390	0.65639	18
NC_007118.7	51	51000001	52000000	1000000	696440	0.69644	19
NC_007118.7	52	52000001	53000000	1000000	748961	0.748961	21
NC_007118.7	53	53000001	54000000	1000000	771264	0.771264	9
NC_007118.7	54	54000001	55000000	1000000	465900	0.4659	11
NC_007118.7	55	55000001	56000000	1000000	521608	0.521608	13
NC_007118.7	56	56000001	57000000	1000000	533238	0.533238	18
NC_007118.7	57	57000001	58000000	1000000	813370	0.81337	12
NC_007118.7	58	58000001	59000000	1000000	421646	0.421646	17
NC_007118.7	59	59000001	60000000	1000000	488228	0.488228	17
NC_007118.7	60	60000001	61000000	1000000	714622	0.714622	10
NC_007118.7	61	61000001	62000000	1000000	595713	0.595713	12
NC_007118.7	62	62000001	63000000	1000000	335863	0.335863	5
NC_007118.7	63	63000001	64000000	1000000	245821	0.245821	2
NC_007118.7	64	64000001	65000000	1000000	295273	0.295273	5
NC_007118.7	65	65000001	66000000	1000000	679321	0.679321	15
NC_007118.7	66	66000001	67000000	1000000	571950	0.57195	11
NC_007118.7	67	67000001	68000000	1000000	724411	0.724411	16
NC_007118.7	68	68000001	69000000	1000000	193538	0.193538	2
NC_007118.7	69	69000001	70000000	1000000	686244	0.686244	23
NC_007118.7	70	70000001	71000000	1000000	109443	0.109443	3
NC_007118.7	71	71000001	72000000	1000000	500118	0.500118	21
NC_007118.7	72	72000001	73000000	1000000	539559	0.539559	18
NC_007118.7	73	73000001	74000000	1000000	415072	0.415072	29
NC_007118.7	74	74000001	74282399	282399	66349	0.23494771582052346	5
NC_007119.7	0	1	1000000	1000000	478068	0.478068	25
NC_007119.7	1	1000001	2000000	1000000	477207	0.477207	23
NC_007119.7	2	2000001	3000000	1000000	606736	0.606736	25
NC_007119.7	3	3000001	4000000	1000000	650343	0.650343	16
NC_007119.7	4	4000001	5000000	1000000	781768	0.781768	19
NC_007119.7	5	5000001	6000000	1000000	150437	0.150437	5
NC_007119.7	6	6000001	7000000	1000000	312504	0.312504	10
NC_007119.7	7	7000001	8000000	1000000	674065	0.674065	22
NC_007119.7	8	8000001	9000000	1000000	651052	0.651052	18
NC_007119.7	9	9000001	10000000	1000000	735090	0.73509	8
NC_007119.7	10	10000001	11000000	1000000	431552	0.431552	11
NC_007119.7	11	11000001	12000000	1000000	782778	0.782778	18
NC_007119.7	12	12000001	13000000	1000000	432618	0.432618	11
NC_007119.7	13	13000001	14000000	1000000	710712	0.710712	31
NC_007119.7	14	14000001	15000000	1000000	788342	0.788342	21
NC_007119.7	15	15000001	16000000	1000000	752217	0.752217	11
NC_007119.7	16	16000001	17000000	1000000	606976	0.606976	19
NC_007119.7	17	17000001	18000000	1000000	626727	0.626727	22
NC_007119.7	18	18000001	19000000	1000000	626443	0.626443	28
NC_007119.7	19	19000001	20000000	1000000	553345	0.553345	21
NC_007119.7	20	20000001	21000000	1000000	758027	0.758027	26
NC_007119.7	21	21000001	22000000	1000000	478337	0.478337	24
NC_007119.7	22	22000001	23000000	1000000	957670	0.95767	28
NC_007119.7	23	23000001	24000000	1000000	859784	0.859784	43
NC_007119.7	24	24000001	25000000	1000000	796664	0.796664	19
NC_007119.7	25	25000001	26000000	1000000	840974	0.840974	39
NC_007119.7	26	26000001	27000000	1000000	650960	0.65096	27
NC_007119.7	27	27000001	28000000	1000000	357881	0.357881	7
NC_007119.7	28	28000001	29000000	1000000	623799	0.623799	23
NC_007119.7	29	29000001	30000000	1000000	838108	0.838108	14
NC_007119.7	30	30000001	31000000	1000000	774449	0.774449	22
NC_007119.7	31	31000001	32000000	1000000	595283	0.595283	22
NC_007119.7	32	32000001	33000000	1000000	821062	0.821062	11
NC_007119.7	33	33000001	34000000	1000000	531030	0.53103	7
NC_007119.7	34	34000001	35000000	1000000	451852	0.451852	25
NC_007119.7	35	35000001	36000000	1000000	740677	0.740677	5
NC_007119.7	36	36000001	37000000	1000000	673811	0.673811	23
NC_007119.7	37	37000001	38000000	1000000	432092	0.432092	17
NC_007119.7	38	38000001	39000000	1000000	626487	0.626487	11
NC_007119.7	39	39000001	40000000	1000000	407142	0.407142	20
NC_007119.7	40	40000001	41000000	1000000	337797	0.337797	16
NC_007119.7	41	41000001	42000000	1000000	485550	0.48555	13
NC_007119.7	42	42000001	43000000	1000000	402044	0.402044	7
NC_007119.7	43	43000001	44000000	1000000	601353	0.601353	11
NC_007119.7	44	44000001	45000000	1000000	434223	0.434223	24
NC_007119.7	45	45000001	46000000	1000000	458898	0.458898	16
NC_007119.7	46	46000001	47000000	1000000	708828	0.708828	23
NC_007119.7	47	47000001	48000000	1000000	820760	0.82076	19
NC_007119.7	48	48000001	49000000	1000000	449561	0.449561	16
NC_007119.7	49	49000001	50000000	1000000	740977	0.740977	25
NC_007119.7	50	50000001	51000000	1000000	605338	0.605338	19
NC_007119.7	51	51000001	52000000	1000000	732957	0.732957	17
NC_007119.7	52	52000001	53000000	1000000	679834	0.679834	22
NC_007119.7	53	53000001	54000000	1000000	625194	0.625194	32
NC_007119.7	54	54000001	54304671	304671	119022	0.3906574632964739	12
NC_007120.7	0	1	1000000	1000000	671538	0.671538	51
NC_007120.7	1	1000001	2000000	1000000	551278	0.551278	22
NC_007120.7	2	2000001	3000000	1000000	379703	0.379703	15
NC_007120.7	3	3000001	4000000	1000000	729438	0.729438	18
NC_007120.7	4	4000001	5000000	1000000	520199	0.520199	8
NC_007120.7	5	5000001	6000000	1000000	167244	0.167244	9
NC_007120.7	6	6000001	7000000	1000000	548163	0.548163	13
NC_007120.7	7	7000001	8000000	1000000	650276	0.650276	19
NC_007120.7	8	8000001	9000000	1000000	453455	0.453455	17
NC_007120.7	9	9000001	10000000	1000000	576084	0.576084	17
NC_007120.7	10	10000001	11000000	1000000	987634	0.987634	11
NC_007120.7	11	11000001	12000000	1000000	778426	0.778426	12
NC_007120.7	12	12000001	13000000	1000000	713324	0.713324	16
NC_007120.7	13	13000001	14000000	1000000	535061	0.535061	10
NC_007120.7	14	14000001	15000000	1000000	811915	0.811915	11
NC_007120.7	15	15000001	16000000	1000000	350277	0.350277	5
NC_007120.7	16	16000001	17000000	1000000	394425	0.394425	7
NC_007120.7	17	17000001	18000000	1000000	770628	0.770628	10
NC_007120.7	18	18000001	19000000	1000000	583962	0.583962	10
NC_007120.7	19	19000001	20000000	1000000	586434	0.586434	19
NC_007120.7	20	20000001	21000000	1000000	615473	0.615473	8
NC_007120.7	21	21000001	22000000	1000000	514768	0.514768	37
NC_007120.7	22	22000001	23000000	1000000	595782	0.595782	45
NC_007120.7	23	23000001	24000000	1000000	690453	0.690453	31
NC_007120.7	24	24000001	25000000	1000000	428641	0.428641	17
NC_007120.7	25	25000001	26000000	1000000	725597	0.725597	12
NC_007120.7	26	26000001	27000000	1000000	338813	0.338813	3
NC_007120.7	27	27000001	28000000	1000000	512937	0.512937	21
NC_007120.7	28	28000001	29000000	1000000	528282	0.528282	15
NC_007120.7	29	29000001	30000000	1000000	844729	0.844729	18
NC_007120.7	30	30000001	31000000	1000000	654393	0.654393	31
NC_007120.7	31	31000001	32000000	1000000	699090	0.69909	12
NC_007120.7	32	32000001	33000000	1000000	461905	0.461905	29
NC_007120.7	33	33000001	34000000	1000000	665139	0.665139	28
NC_007120.7	34	34000001	35000000	1000000	486501	0.486501	30
NC_007120.7	35	35000001	36000000	1000000	608269	0.608269	11
NC_007120.7	36	36000001	37000000	1000000	426178	0.426178	4
NC_007120.7	37	37000001	38000000	1000000	781153	0.781153	8
NC_007120.7	38	38000001	39000000	1000000	806959	0.806959	28
NC_007120.7	39	39000001	40000000	1000000	468842	0.468842	2
NC_007120.7	40	40000001	41000000	1000000	446164	0.446164	11
NC_007120.7	41	41000001	42000000	1000000	698934	0.698934	19
NC_007120.7	42	42000001	43000000	1000000	612956	0.612956	10
NC_007120.7	43	43000001	44000000	1000000	677713	0.677713	5
NC_007120.7	44	44000001	45000000	1000000	795498	0.795498	14
NC_007120.7	45	45000001	46000000	1000000	545738	0.545738	8
NC_007120.7	46	46000001	47000000	1000000	453645	0.453645	8
NC_007120.7	47	47000001	48000000	1000000	227474	0.227474	2
NC_007120.7	48	48000001	49000000	1000000	878061	0.878061	21
NC_007120.7	49	49000001	50000000	1000000	410854	0.410854	5
NC_007120.7	50	50000001	51000000	1000000	381591	0.381591	4
NC_007120.7	51	51000001	52000000	1000000	369638	0.369638	9
NC_007120.7	52	52000001	53000000	1000000	808250	0.80825	15
NC_007120.7	53	53000001	54000000	1000000	353053	0.353053	12
NC_007120.7	54	54000001	55000000	1000000	579724	0.579724	18
NC_007120.7	55	55000001	56000000	1000000	538143	0.538143	13
NC_007120.7	56	56000001	56459846	459846	229339	0.49873000961191355	10
NC_007121.7	0	1	1000000	1000000	420175	0.420175	34
NC_007121.7	1	1000001	2000000	1000000	616148	0.616148	17
NC_007121.7	2	2000001	3000000	1000000	658351	0.658351	22
NC_007121.7	3	3000001	4000000	1000000	495529	0.495529	18
NC_007121.7	4	4000001	5000000	1000000	287885	0.287885	13
NC_007121.7	5	5000001	6000000	1000000	720921	0.720921	22
NC_007121.7	6	6000001	7000000	1000000	657949	0.657949	21
NC_007121.7	7	7000001	8000000	1000000	781413	0.781413	25
NC_007121.7	8	8000001	9000000	1000000	670664	0.670664	31
NC_007121.7	9	9000001	10000000	1000000	662874	0.662874	18
NC_007121.7	10	10000001	11000000	1000000	612375	0.612375	13
NC_007121.7	11	11000001	12000000	1000000	635515	0.635515	15
NC_007121.7	12	12000001	13000000	1000000	217476	0.217476	2
NC_007121.7	13	13000001	14000000	1000000	604362	0.604362	7
NC_007121.7	14	14000001	15000000	1000000	396722	0.396722	11
NC_007121.7	15	15000001	16000000	1000000	700923	0.700923	24
NC_007121.7	16	16000001	17000000	1000000	752660	0.75266	17
NC_007121.7	17	17000001	18000000	1000000	707016	0.707016	24
NC_007121.7	18	18000001	19000000	1000000	297425	0.297425	5
NC_007121.7	19	19000001	20000000	1000000	387481	0.387481	12
NC_007121.7	20	20000001	21000000	1000000	617876	0.617876	24
NC_007121.7	21	21000001	22000000	1000000	1857312	1.857312	36
NC_007121.7	22	22000001	23000000	1000000	528303	0.528303	31
NC_007121.7	23	23000001	24000000	1000000	276922	0.276922	12
NC_007121.7	24	24000001	25000000	1000000	740031	0.740031	24
NC_007121.7	25	25000001	26000000	1000000	697928	0.697928	19
NC_007121.7	26	26000001	27000000	1000000	759003	0.759003	33
NC_007121.7	27	27000001	28000000	1000000	725088	0.725088	8
NC_007121.7	28	28000001	29000000	1000000	529935	0.529935	12
NC_007121.7	29	29000001	30000000	1000000	577445	0.577445	21
NC_007121.7	30	30000001	31000000	1000000	759611	0.759611	2
NC_007121.7	31	31000001	32000000	1000000	785088	0.785088	12
NC_007121.7	32	32000001	33000000	1000000	777594	0.777594	16
NC_007121.7	33	33000001	34000000	1000000	783307	0.783307	19
NC_007121.7	34	34000001	35000000	1000000	934006	0.934006	24
NC_007121.7	35	35000001	36000000	1000000	508631	0.508631	24
NC_007121.7	36	36000001	37000000	1000000	589296	0.589296	53
NC_007121.7	37	37000001	38000000	1000000	681642	0.681642	11
NC_007121.7	38	38000001	39000000	1000000	600822	0.600822	14
NC_007121.7	39	39000001	40000000	1000000	690151	0.690151	16
NC_007121.7	40	40000001	41000000	1000000	615917	0.615917	81
NC_007121.7	41	41000001	42000000	1000000	700523	0.700523	18
NC_007121.7	42	42000001	43000000	1000000	628544	0.628544	26
NC_007121.7	43	43000001	44000000	1000000	736967	0.736967	16
NC_007121.7	44	44000001	45000000	1000000	653587	0.653587	31
NC_007121.7	45	45000001	45420867	420867	302182	0.7179987977199448	10
NC_007122.7	0	1	1000000	1000000	643298	0.643298	40
NC_007122.7	1	1000001	2000000	1000000	780906	0.780906	20
NC_007122.7	2	2000001	3000000	1000000	614754	0.614754	36
NC_007122.7	3	3000001	4000000	1000000	723987	0.723987	27
NC_007122.7	4	4000001	5000000	1000000	639550	0.63955	8
NC_007122.7	5	5000001	6000000	1000000	884085	0.884085	16
NC_007122.7	6	6000001	7000000	1000000	574752	0.574752	31
NC_007122.7	7	7000001	8000000	1000000	653619	0.653619	16
NC_007122.7	8	8000001	9000000	1000000	577896	0.577896	13
NC_007122.7	9	9000001	10000000	1000000	421262	0.421262	1
NC_007122.7	10	10000001	11000000	1000000	511968	0.511968	8
NC_007122.7	11	11000001	12000000	1000000	618256	0.618256	32
NC_007122.7	12	12000001	13000000	1000000	483890	0.48389	44
NC_007122.7	13	13000001	14000000	1000000	584060	0.58406	18
NC_007122.7	14	14000001	15000000	1000000	483270	0.48327	17
NC_007122.7	15	15000001	16000000	1000000	629870	0.62987	9
NC_007122.7	16	16000001	17000000	1000000	593993	0.593993	14
NC_007122.7	17	17000001	18000000	1000000	248609	0.248609	6
NC_007122.7	18	18000001	19000000	1000000	751682	0.751682	22
NC_007122.7	19	19000001	20000000	1000000	824315	0.824315	10
NC_007122.7	20	20000001	21000000	1000000	694524	0.694524	8
NC_007122.7	21	21000001	22000000	1000000	554721	0.554721	13
NC_007122.7	22	22000001	23000000	1000000	570632	0.570632	8
NC_007122.7	23	23000001	24000000	1000000	647369	0.647369	11
NC_007122.7	24	24000001	25000000	1000000	632225	0.632225	30
NC_007122.7	25	25000001	26000000	1000000	803281	0.803281	36
NC_007122.7	26	26000001	27000000	1000000	952029	0.952029	17
NC_007122.7	27	27000001	28000000	1000000	611063	0.611063	12
NC_007122.7	28	28000001	29000000	1000000	839743	0.839743	10
NC_007122.7	29	29000001	30000000	1000000	606941	0.606941	20
NC_007122.7	30	30000001	31000000	1000000	972042	0.972042	28
NC_007122.7	31	31000001	32000000	1000000	681580	0.68158	15
NC_007122.7	32	32000001	33000000	1000000	302764	0.302764	1
NC_007122.7	33	33000001	34000000	1000000	552854	0.552854	9
NC_007122.7	34	34000001	35000000	1000000	661731	0.661731	16
NC_007122.7	35	35000001	36000000	1000000	558280	0.55828	9
NC_007122.7	36	36000001	37000000	1000000	839046	0.839046	22
NC_007122.7	37	37000001	38000000	1000000	747824	0.747824	21
NC_007122.7	38	38000001	39000000	1000000	295654	0.295654	12
NC_007122.7	39	39000001	40000000	1000000	460323	0.460323	9
NC_007122.7	40	40000001	41000000	1000000	630017	0.630017	23
NC_007122.7	41	41000001	42000000	1000000	598181	0.598181	18
NC_007122.7	42	42000001	43000000	1000000	694821	0.694821	26
NC_007122.7	43	43000001	44000000	1000000	269809	0.269809	14
NC_007122.7	44	44000001	45000000	1000000	706567	0.706567	29
NC_007122.7	45	45000001	45484837	484837	342691	0.7068169302260348	22
NC_007123.7	0	1	1000000	1000000	540311	0.540311	33
NC_007123.7	1	1000001	2000000	1000000	542549	0.542549	17
NC_007123.7	2	2000001	3000000	1000000	437505	0.437505	17
NC_007123.7	3	3000001	4000000	1000000	601631	0.601631	27
NC_007123.7	4	4000001	5000000	1000000	646609	0.646609	36
NC_007123.7	5	5000001	6000000	1000000	592336	0.592336	21
NC_007123.7	6	6000001	7000000	1000000	734174	0.734174	12
NC_007123.7	7	7000001	8000000	1000000	347051	0.347051	13
NC_007123.7	8	8000001	9000000	1000000	654347	0.654347	11
NC_007123.7	9	9000001	10000000	1000000	719753	0.719753	22
NC_007123.7	10	10000001	11000000	1000000	623349	0.623349	23
NC_007123.7	11	11000001	12000000	1000000	626181	0.626181	11
NC_007123.7	12	12000001	13000000	1000000	766416	0.766416	1
NC_007123.7	13	13000001	14000000	1000000	793470	0.79347	24
NC_007123.7	14	14000001	15000000	1000000	478480	0.47848	10
NC_007123.7	15	15000001	16000000	1000000	527785	0.527785	12
NC_007123.7	16	16000001	17000000	1000000	412973	0.412973	27
NC_007123.7	17	17000001	18000000	1000000	655677	0.655677	29
NC_007123.7	18	18000001	19000000	1000000	784934	0.784934	28
NC_007123.7	19	19000001	20000000	1000000	743356	0.743356	28
NC_007123.7	20	20000001	21000000	1000000	570418	0.570418	29
NC_007123.7	21	21000001	22000000	1000000	525381	0.525381	5
NC_007123.7	22	22000001	23000000	1000000	759847	0.759847	19
NC_007123.7	23	23000001	24000000	1000000	539457	0.539457	8
NC_007123.7	24	24000001	25000000	1000000	530242	0.530242	9
NC_007123.7	25	25000001	26000000	1000000	520728	0.520728	20
NC_007123.7	26	26000001	27000000	1000000	808523	0.808523	20
NC_007123.7	27	27000001	28000000	1000000	635839	0.635839	22
NC_007123.7	28	28000001	29000000	1000000	689082	0.689082	27
NC_007123.7	29	29000001	30000000	1000000	687580	0.68758	10
NC_007123.7	30	30000001	31000000	1000000	818062	0.818062	26
NC_007123.7	31	31000001	32000000	1000000	787506	0.787506	19
NC_007123.7	32	32000001	33000000	1000000	607766	0.607766	12
NC_007123.7	33	33000001	34000000	1000000	869875	0.869875	21
NC_007123.7	34	34000001	35000000	1000000	706048	0.706048	20
NC_007123.7	35	35000001	36000000	1000000	861231	0.861231	20
NC_007123.7	36	36000001	37000000	1000000	409448	0.409448	15
NC_007123.7	37	37000001	38000000	1000000	366777	0.366777	6
NC_007123.7	38	38000001	39000000	1000000	323118	0.323118	8
NC_007123.7	39	39000001	40000000	1000000	144634	0.144634	4
NC_007123.7	40	40000001	41000000	1000000	189583	0.189583	1
NC_007123.7	41	41000001	42000000	1000000	369616	0.369616	7
NC_007123.7	42	42000001	43000000	1000000	381601	0.381601	5
NC_007123.7	43	43000001	44000000	1000000	615637	0.615637	9
NC_007123.7	44	44000001	45000000	1000000	760946	0.760946	8
NC_007123.7	45	45000001	46000000	1000000	352155	0.352155	14
NC_007123.7	46	46000001	47000000	1000000	591390	0.59139	25
NC_007123.7	47	47000001	48000000	1000000	796604	0.796604	21
NC_007123.7	48	48000001	49000000	1000000	708004	0.708004	30
NC_007123.7	49	49000001	49182954	182954	73905	0.4039539993659608	10
NC_007124.7	0	1	1000000	1000000	813192	0.813192	48
NC_007124.7	1	1000001	2000000	1000000	706961	0.706961	24
NC_007124.7	2	2000001	3000000	1000000	693202	0.693202	20
NC_007124.7	3	3000001	4000000	1000000	591286	0.591286	11
NC_007124.7	4	4000001	5000000	1000000	793754	0.793754	19
NC_007124.7	5	5000001	6000000	1000000	284705	0.284705	9
NC_007124.7	6	6000001	7000000	1000000	455069	0.455069	12
NC_007124.7	7	7000001	8000000	1000000	599875	0.599875	14
NC_007124.7	8	8000001	9000000	1000000	663430	0.66343	21
NC_007124.7	9	9000001	10000000	1000000	1099091	1.099091	54
NC_007124.7	10	10000001	11000000	1000000	697093	0.697093	12
NC_007124.7	11	11000001	12000000	1000000	752190	0.75219	19
NC_007124.7	12	12000001	13000000	1000000	635660	0.63566	21
NC_007124.7	13	13000001	14000000	1000000	463327	0.463327	12
NC_007124.7	14	14000001	15000000	1000000	499217	0.499217	5
NC_007124.7	15	15000001	16000000	1000000	735756	0.735756	17
NC_007124.7	16	16000001	17000000	1000000	759285	0.759285	7
NC_007124.7	17	17000001	18000000	1000000	795394	0.795394	8
NC_007124.7	18	18000001	19000000	1000000	737163	0.737163	22
NC_007124.7	19	19000001	20000000	1000000	225715	0.225715	5
NC_007124.7	20	20000001	21000000	1000000	492395	0.492395	5
NC_007124.7	21	21000001	22000000	1000000	317875	0.317875	12
NC_007124.7	22	22000001	23000000	1000000	812667	0.812667	24
NC_007124.7	23	23000001	24000000	1000000	682533	0.682533	18
NC_007124.7	24	24000001	25000000	1000000	696803	0.696803	35
NC_007124.7	25	25000001	26000000	1000000	835794	0.835794	30
NC_007124.7	26	26000001	27000000	1000000	96142	0.096142	2
NC_007124.7	27	27000001	28000000	1000000	748655	0.748655	13
NC_007124.7	28	28000001	29000000	1000000	652854	0.652854	21
NC_007124.7	29	29000001	30000000	1000000	417930	0.41793	16
NC_007124.7	30	30000001	31000000	1000000	580449	0.580449	24
NC_007124.7	31	31000001	32000000	1000000	699277	0.699277	33
NC_007124.7	32	32000001	33000000	1000000	304663	0.304663	14
NC_007124.7	33	33000001	34000000	1000000	876485	0.876485	40
NC_007124.7	34	34000001	35000000	1000000	761968	0.761968	5
NC_007124.7	35	35000001	36000000	1000000	531843	0.531843	20
NC_007124.7	36	36000001	37000000	1000000	812012	0.812012	32
NC_007124.7	37	37000001	38000000	1000000	500520	0.50052	23
NC_007124.7	38	38000001	39000000	1000000	690305	0.690305	8
NC_007124.7	39	39000001	40000000	1000000	568592	0.568592	11
NC_007124.7	40	40000001	41000000	1000000	699054	0.699054	17
NC_007124.7	41	41000001	42000000	1000000	513306	0.513306	8
NC_007124.7	42	42000001	43000000	1000000	717019	0.717019	18
NC_007124.7	43	43000001	44000000	1000000	440837	0.440837	9
NC_007124.7	44	44000001	45000000	1000000	663602	0.663602	15
NC_007124.7	45	45000001	46000000	1000000	471463	0.471463	16
NC_007124.7	46	46000001	47000000	1000000	522979	0.522979	11
NC_007124.7	47	47000001	48000000	1000000	689541	0.689541	11
NC_007124.7	48	48000001	49000000	1000000	419927	0.419927	8
NC_007124.7	49	49000001	50000000	1000000	530741	0.530741	10
NC_007124.7	50	50000001	51000000	1000000	567466	0.567466	18
NC_007124.7	51	51000001	52000000	1000000	254944	0.254944	13
NC_007124.7	52	52000001	52186027	186027	59099	0.3176904427851871	4
NC_007125.7	0	1	1000000	1000000	481591	0.481591	45
NC_007125.7	1	1000001	2000000	1000000	527824	0.527824	24
NC_007125.7	2	2000001	3000000	1000000	2061227	2.061227	35
NC_007125.7	3	3000001	4000000	1000000	642910	0.64291	16
NC_007125.7	4	4000001	5000000	1000000	466773	0.466773	14
NC_007125.7	5	5000001	6000000	1000000	304845	0.304845	11
NC_007125.7	6	6000001	7000000	1000000	566124	0.566124	19
NC_007125.7	7	7000001	8000000	1000000	545331	0.545331	18
NC_007125.7	8	8000001	9000000	1000000	805018	0.805018	21
NC_007125.7	9	9000001	10000000	1000000	880453	0.880453	20
NC_007125.7	10	10000001	11000000	1000000	652232	0.652232	13
NC_007125.7	11	11000001	12000000	1000000	525863	0.525863	12
NC_007125.7	12	12000001	13000000	1000000	738477	0.738477	13
NC_007125.7	13	13000001	14000000	1000000	175359	0.175359	3
NC_007125.7	14	14000001	15000000	1000000	578112	0.578112	18
NC_007125.7	15	15000001	16000000	1000000	628754	0.628754	19
NC_007125.7	16	16000001	17000000	1000000	788671	0.788671	18
NC_007125.7	17	17000001	18000000	1000000	444139	0.444139	16
NC_007125.7	18	18000001	19000000	1000000	14015	0.014015	2
NC_007125.7	19	19000001	20000000	1000000	3032	0.003032	1
NC_007125.7	20	20000001	21000000	1000000	551670	0.55167	7
NC_007125.7	21	21000001	22000000	1000000	525618	0.525618	28
NC_007125.7	22	22000001	23000000	1000000	627398	0.627398	20
NC_007125.7	23	23000001	24000000	1000000	790857	0.790857	12
NC_007125.7	24	24000001	25000000	1000000	562218	0.562218	20
NC_007125.7	25	25000001	26000000	1000000	510958	0.510958	15
NC_007125.7	26	26000001	27000000	1000000	510708	0.510708	23
NC_007125.7	27	27000001	28000000	1000000	300013	0.300013	2
NC_007125.7	28	28000001	29000000	1000000	325920	0.32592	14
NC_007125.7	29	29000001	30000000	1000000	750740	0.75074	7
NC_007125.7	30	30000001	31000000	1000000	628964	0.628964	36
NC_007125.7	31	31000001	32000000	1000000	793286	0.793286	23
NC_007125.7	32	32000001	33000000	1000000	577057	0.577057	18
NC_007125.7	33	33000001	34000000	1000000	726207	0.726207	39
NC_007125.7	34	34000001	35000000	1000000	560591	0.560591	20
NC_007125.7	35	35000001	36000000	1000000	884463	0.884463	17
NC_007125.7	36	36000001	37000000	1000000	597816	0.597816	17
NC_007125.7	37	37000001	38000000	1000000	286601	0.286601	1
NC_007125.7	38	38000001	39000000	1000000	200452	0.200452	14
NC_007125.7	39	39000001	40000000	1000000	778101	0.778101	3
NC_007125.7	40	40000001	41000000	1000000	406303	0.406303	5
NC_007125.7	41	41000001	42000000	1000000	634567	0.634567	16
NC_007125.7	42	42000001	43000000	1000000	35240	0.03524	3
NC_007125.7	43	43000001	44000000	1000000	52836	0.052836	4
NC_007125.7	44	44000001	45000000	1000000	221119	0.221119	8
NC_007125.7	45	45000001	46000000	1000000	853680	0.85368	27
NC_007125.7	46	46000001	47000000	1000000	768767	0.768767	29
NC_007125.7	47	47000001	48000000	1000000	610889	0.610889	2
NC_007125.7	48	48000001	49000000	1000000	485477	0.485477	13
NC_007125.7	49	49000001	50000000	1000000	693606	0.693606	17
NC_007125.7	50	50000001	51000000	1000000	212711	0.212711	6
NC_007125.7	51	51000001	52000000	1000000	613998	0.613998	7
NC_007125.7	52	52000001	52660232	660232	231866	0.35118867307249574	14
NC_007126.7	0	1	1000000	1000000	1365394	1.365394	66
NC_007126.7	1	1000001	2000000	1000000	717849	0.717849	34
NC_007126.7	2	2000001	3000000	1000000	624865	0.624865	25
NC_007126.7	3	3000001	4000000	1000000	736471	0.736471	20
NC_007126.7	4	4000001	5000000	1000000	493285	0.493285	17
NC_007126.7	5	5000001	6000000	1000000	644790	0.64479	47
NC_007126.7	6	6000001	7000000	1000000	579225	0.579225	11
NC_007126.7	7	7000001	8000000	1000000	365060	0.36506	6
NC_007126.7	8	8000001	9000000	1000000	683082	0.683082	12
NC_007126.7	9	9000001	10000000	1000000	476084	0.476084	14
NC_007126.7	10	10000001	11000000	1000000	455017	0.455017	1
NC_007126.7	11	11000001	12000000	1000000	335887	0.335887	12
NC_007126.7	12	12000001	13000000	1000000	388153	0.388153	10
NC_007126.7	13	13000001	14000000	1000000	149022	0.149022	2
NC_007126.7	14	14000001	15000000	1000000	731598	0.731598	27
NC_007126.7	15	15000001	16000000	1000000	473051	0.473051	20
NC_007126.7	16	16000001	17000000	1000000	719366	0.719366	20
NC_007126.7	17	17000001	18000000	1000000	529294	0.529294	23
NC_007126.7	18	18000001	19000000	1000000	626432	0.626432	16
NC_007126.7	19	19000001	20000000	1000000	709185	0.709185	21
NC_007126.7	20	20000001	21000000	1000000	777627	0.777627	22
NC_007126.7	21	21000001	22000000	1000000	514443	0.514443	22
NC_007126.7	22	22000001	23000000	1000000	607314	0.607314	12
NC_007126.7	23	23000001	24000000	1000000	868979	0.868979	32
NC_007126.7	24	24000001	25000000	1000000	780307	0.780307	19
NC_007126.7	25	25000001	26000000	1000000	617388	0.617388	26
NC_007126.7	26	26000001	27000000	1000000	511025	0.511025	11
NC_007126.7	27	27000001	28000000	1000000	504015	0.504015	6
NC_007126.7	28	28000001	29000000	1000000	913618	0.913618	27
NC_007126.7	29	29000001	30000000	1000000	484001	0.484001	21
NC_007126.7	30	30000001	31000000	1000000	759870	0.75987	11
NC_007126.7	31	31000001	32000000	1000000	704503	0.704503	50
NC_007126.7	32	32000001	33000000	1000000	817869	0.817869	14
NC_007126.7	33	33000001	34000000	1000000	752454	0.752454	14
NC_007126.7	34	34000001	35000000	1000000	778804	0.778804	25
NC_007126.7	35	35000001	36000000	1000000	802859	0.802859	17
NC_007126.7	36	36000001	37000000	1000000	751169	0.751169	14
NC_007126.7	37	37000001	38000000	1000000	597370	0.59737	40
NC_007126.7	38	38000001	39000000	1000000	276918	0.276918	17
NC_007126.7	39	39000001	40000000	1000000	732258	0.732258	7
NC_007126.7	40	40000001	41000000	1000000	550018	0.550018	9
NC_007126.7	41	41000001	42000000	1000000	939488	0.939488	28
NC_007126.7	42	42000001	43000000	1000000	750018	0.750018	13
NC_007126.7	43	43000001	44000000	1000000	677013	0.677013	16
NC_007126.7	44	44000001	45000000	1000000	754962	0.754962	22
NC_007126.7	45	45000001	46000000	1000000	492223	0.492223	10
NC_007126.7	46	46000001	47000000	1000000	614483	0.614483	13
NC_007126.7	47	47000001	48000000	1000000	499265	0.499265	31
NC_007126.7	48	48000001	48040578	40578	0	0.0	0
NC_007127.7	0	1	1000000	1000000	78678	0.078678	10
NC_007127.7	1	1000001	2000000	1000000	717541	0.717541	9
NC_007127.7	2	2000001	3000000	1000000	461080	0.46108	14
NC_007127.7	3	3000001	4000000	1000000	313919	0.313919	6
NC_007127.7	4	4000001	5000000	1000000	480673	0.480673	22
NC_007127.7	5	5000001	6000000	1000000	782423	0.782423	18
NC_007127.7	6	6000001	7000000	1000000	619443	0.619443	14
NC_007127.7	7	7000001	8000000	1000000	420378	0.420378	17
NC_007127.7	8	8000001	9000000	1000000	769480	0.76948	13
NC_007127.7	9	9000001	10000000	1000000	662282	0.662282	19
NC_007127.7	10	10000001	11000000	1000000	683902	0.683902	20
NC_007127.7	11	11000001	12000000	1000000	647209	0.647209	30
NC_007127.7	12	12000001	13000000	1000000	788916	0.788916	27
NC_007127.7	13	13000001	14000000	1000000	642236	0.642236	23
NC_007127.7	14	14000001	15000000	1000000	687276	0.687276	14
NC_007127.7	15	15000001	16000000	1000000	306686	0.306686	5
NC_007127.7	16	16000001	17000000	1000000	632968	0.632968	19
NC_007127.7	17	17000001	18000000	1000000	630068	0.630068	22
NC_007127.7	18	18000001	19000000	1000000	513063	0.513063	5
NC_007127.7	19	19000001	20000000	1000000	608433	0.608433	11
NC_007127.7	20	20000001	21000000	1000000	878518	0.878518	20
NC_007127.7	21	21000001	22000000	1000000	716875	0.716875	26
NC_007127.7	22	22000001	23000000	1000000	580692	0.580692	23
NC_007127.7	23	23000001	24000000	1000000	647984	0.647984	29
NC_007127.7	24	24000001	25000000	1000000	730344	0.730344	23
NC_007127.7	25	25000001	26000000	1000000	638340	0.63834	45
NC_007127.7	26	26000001	27000000	1000000	814112	0.814112	28
NC_007127.7	27	27000001	28000000	1000000	467802	0.467802	20
NC_007127.7	28	28000001	29000000	1000000	812935	0.812935	24
NC_007127.7	29	29000001	30000000	1000000	446303	0.446303	25
NC_007127.7	30	30000001	31000000	1000000	798630	0.79863	17
NC_007127.7	31	31000001	32000000	1000000	540313	0.540313	30
NC_007127.7	32	32000001	33000000	1000000	557889	0.557889	29
NC_007127.7	33	33000001	34000000	1000000	374967	0.374967	19
NC_007127.7	34	34000001	35000000	1000000	367039	0.367039	10
NC_007127.7	35	35000001	36000000	1000000	803899	0.803899	15
NC_007127.7	36	36000001	37000000	1000000	491453	0.491453	15
NC_007127.7	37	37000001	38000000	1000000	586934	0.586934	6
NC_007127.7	38	38000001	39000000	1000000	556770	0.55677	19
NC_007127.7	39	39000001	40000000	1000000	770834	0.770834	13
NC_007127.7	40	40000001	41000000	1000000	694241	0.694241	19
NC_007127.7	41	41000001	42000000	1000000	738619	0.738619	30
NC_007127.7	42	42000001	43000000	1000000	603031	0.603031	26
NC_007127.7	43	43000001	44000000	1000000	581419	0.581419	20
NC_007127.7	44	44000001	45000000	1000000	671562	0.671562	13
NC_007127.7	45	45000001	46000000	1000000	684363	0.684363	21
NC_007127.7	46	46000001	47000000	1000000	628775	0.628775	27
NC_007127.7	47	47000001	48000000	1000000	903727	0.903727	12
NC_007127.7	48	48000001	49000000	1000000	572096	0.572096	9
NC_007127.7	49	49000001	50000000	1000000	364261	0.364261	8
NC_007127.7	50	50000001	51000000	1000000	641189	0.641189	14
NC_007127.7	51	51000001	52000000	1000000	323988	0.323988	13
NC_007127.7	52	52000001	53000000	1000000	452927	0.452927	14
NC_007127.7	53	53000001	54000000	1000000	471622	0.471622	16
NC_007127.7	54	54000001	55000000	1000000	420139	0.420139	25
NC_007127.7	55	55000001	55266484	266484	147692	0.5542246438810585	6
NC_007128.7	0	1	1000000	1000000	283528	0.283528	27
NC_007128.7	1	1000001	2000000	1000000	421519	0.421519	13
NC_007128.7	2	2000001	3000000	1000000	606262	0.606262	18
NC_007128.7	3	3000001	4000000	1000000	512934	0.512934	6
NC_007128.7	4	4000001	5000000	1000000	499794	0.499794	12
NC_007128.7	5	5000001	6000000	1000000	825095	0.825095	15
NC_007128.7	6	6000001	7000000	1000000	905414	0.905414	31
NC_007128.7	7	7000001	8000000	1000000	741295	0.741295	18
NC_007128.7	8	8000001	9000000	1000000	882018	0.882018	21
NC_007128.7	9	9000001	10000000	1000000	931731	0.931731	6
NC_007128.7	10	10000001	11000000	1000000	670458	0.670458	21
NC_007128.7	11	11000001	12000000	1000000	1140346	1.140346	13
NC_007128.7	12	12000001	13000000	1000000	716668	0.716668	27
NC_007128.7	13	13000001	14000000	1000000	198523	0.198523	7
NC_007128.7	14	14000001	15000000	1000000	490558	0.490558	16
NC_007128.7	15	15000001	16000000	1000000	902140	0.90214	28
NC_007128.7	16	16000001	17000000	1000000	758956	0.758956	13
NC_007128.7	17	17000001	18000000	1000000	915092	0.915092	8
NC_007128.7	18	18000001	19000000	1000000	232947	0.232947	6
NC_007128.7	19	19000001	20000000	1000000	444984	0.444984	11
NC_007128.7	20	20000001	21000000	1000000	749940	0.74994	25
NC_007128.7	21	21000001	22000000	1000000	643951	0.643951	26
NC_007128.7	22	22000001	23000000	1000000	722086	0.722086	14
NC_007128.7	23	23000001	24000000	1000000	602020	0.60202	30
NC_007128.7	24	24000001	25000000	1000000	893605	0.893605	40
NC_007128.7	25	25000001	26000000	1000000	926937	0.926937	27
NC_007128.7	26	26000001	27000000	1000000	818057	0.818057	19
NC_007128.7	27	27000001	28000000	1000000	592274	0.592274	13
NC_007128.7	28	28000001	29000000	1000000	631311	0.631311	17
NC_007128.7	29	29000001	30000000	1000000	718825	0.718825	12
NC_007128.7	30	30000001	31000000	1000000	681102	0.681102	19
NC_007128.7	31	31000001	32000000	1000000	651795	0.651795	27
NC_007128.7	32	32000001	33000000	1000000	620865	0.620865	15
NC_007128.7	33	33000001	34000000	1000000	562354	0.562354	18
NC_007128.7	34	34000001	35000000	1000000	435365	0.435365	5
NC_007128.7	35	35000001	36000000	1000000	343565	0.343565	10
NC_007128.7	36	36000001	37000000	1000000	400144	0.400144	10
NC_007128.7	37	37000001	38000000	1000000	566865	0.566865	16
NC_007128.7	38	38000001	39000000	1000000	812308	0.812308	13
NC_007128.7	39	39000001	40000000	1000000	396661	0.396661	11
NC_007128.7	40	40000001	41000000	1000000	285470	0.28547	6
NC_007128.7	41	41000001	42000000	1000000	647731	0.647731	6
NC_007128.7	42	42000001	43000000	1000000	323422	0.323422	10
NC_007128.7	43	43000001	44000000	1000000	729882	0.729882	25
NC_007128.7	44	44000001	45000000	1000000	513524	0.513524	14
NC_007128.7	45	45000001	46000000	1000000	725837	0.725837	26
NC_007128.7	46	46000001	47000000	1000000	70962	0.070962	10
NC_007128.7	47	47000001	48000000	1000000	387364	0.387364	5
NC_007128.7	48	48000001	49000000	1000000	339765	0.339765	12
NC_007128.7	49	49000001	50000000	1000000	656486	0.656486	16
NC_007128.7	50	50000001	51000000	1000000	584716	0.584716	31
NC_007128.7	51	51000001	52000000	1000000	674221	0.674221	20
NC_007128.7	52	52000001	53000000	1000000	486189	0.486189	13
NC_007128.7	53	53000001	53461100	461100	179903	0.3901604857948384	21
NC_007129.7	0	1	1000000	1000000	622317	0.622317	31
NC_007129.7	1	1000001	2000000	1000000	483240	0.48324	9
NC_007129.7	2	2000001	3000000	1000000	485158	0.485158	14
NC_007129.7	3	3000001	4000000	1000000	528711	0.528711	19
NC_007129.7	4	4000001	5000000	1000000	56386	0.056386	1
NC_007129.7	5	5000001	6000000	1000000	460717	0.460717	27
NC_007129.7	6	6000001	7000000	1000000	736440	0.73644	21
NC_007129.7	7	7000001	8000000	1000000	791041	0.791041	31
NC_007129.7	8	8000001	9000000	1000000	421822	0.421822	17
NC_007129.7	9	9000001	10000000	1000000	623037	0.623037	6
NC_007129.7	10	10000001	11000000	1000000	320411	0.320411	8
NC_007129.7	11	11000001	12000000	1000000	436628	0.436628	5
NC_007129.7	12	12000001	13000000	1000000	851565	0.851565	10
NC_007129.7	13	13000001	14000000	1000000	533249	0.533249	12
NC_007129.7	14	14000001	15000000	1000000	675052	0.675052	20
NC_007129.7	15	15000001	16000000	1000000	722950	0.72295	25
NC_007129.7	16	16000001	17000000	1000000	569485	0.569485	24
NC_007129.7	17	17000001	18000000	1000000	844221	0.844221	28
NC_007129.7	18	18000001	19000000	1000000	575616	0.575616	17
NC_007129.7	19	19000001	20000000	1000000	628065	0.628065	18
NC_007129.7	20	20000001	21000000	1000000	615615	0.615615	24
NC_007129.7	21	21000001	22000000	1000000	834978	0.834978	22
NC_007129.7	22	22000001	23000000	1000000	828982	0.828982	17
NC_007129.7	23	23000001	24000000	1000000	455094	0.455094	4
NC_007129.7	24	24000001	25000000	1000000	108703	0.108703	4
NC_007129.7	25	25000001	26000000	1000000	517463	0.517463	12
NC_007129.7	26	26000001	27000000	1000000	647503	0.647503	21
NC_007129.7	27	27000001	28000000	1000000	785198	0.785198	13
NC_007129.7	28	28000001	29000000	1000000	382669	0.382669	3
NC_007129.7	29	29000001	30000000	1000000	183556	0.183556	9
NC_007129.7	30	30000001	31000000	1000000	511023	0.511023	9
NC_007129.7	31	31000001	32000000	1000000	701681	0.701681	13
NC_007129.7	32	32000001	33000000	1000000	90625	0.090625	14
NC_007129.7	33	33000001	34000000	1000000	342182	0.342182	44
NC_007129.7	34	34000001	35000000	1000000	685722	0.685722	10
NC_007129.7	35	35000001	36000000	1000000	518036	0.518036	12
NC_007129.7	36	36000001	37000000	1000000	334395	0.334395	14
NC_007129.7	37	37000001	38000000	1000000	500919	0.500919	9
NC_007129.7	38	38000001	39000000	1000000	426732	0.426732	11
NC_007129.7	39	39000001	40000000	1000000	594896	0.594896	15
NC_007129.7	40	40000001	41000000	1000000	383773	0.383773	22
NC_007129.7	41	41000001	42000000	1000000	696695	0.696695	19
NC_007129.7	42	42000001	43000000	1000000	394826	0.394826	2
NC_007129.7	43	43000001	44000000	1000000	439049	0.439049	6
NC_007129.7	44	44000001	45000000	1000000	636240	0.63624	21
NC_007129.7	45	45000001	46000000	1000000	566903	0.566903	15
NC_007129.7	46	46000001	47000000	1000000	521153	0.521153	20
NC_007129.7	47	47000001	48000000	1000000	186409	0.186409	5
NC_007129.7	48	48000001	49000000	1000000	472251	0.472251	20
NC_007129.7	49	49000001	50000000	1000000	243817	0.243817	6
NC_007129.7	50	50000001	51000000	1000000	809851	0.809851	27
NC_007129.7	51	51000001	51023478	23478	15718	0.6694778090126927	0
NC_007130.7	0	1	1000000	1000000	553348	0.553348	45
NC_007130.7	1	1000001	2000000	1000000	471146	0.471146	24
NC_007130.7	2	2000001	3000000	1000000	670779	0.670779	24
NC_007130.7	3	3000001	4000000	1000000	807335	0.807335	40
NC_007130.7	4	4000001	5000000	1000000	558434	0.558434	19
NC_007130.7	5	5000001	6000000	1000000	533455	0.533455	27
NC_007130.7	6	6000001	7000000	1000000	547777	0.547777	17
NC_007130.7	7	7000001	8000000	1000000	821592	0.821592	52
NC_007130.7	8	8000001	9000000	1000000	641876	0.641876	17
NC_007130.7	9	9000001	10000000	1000000	743406	0.743406	26
NC_007130.7	10	10000001	11000000	1000000	683574	0.683574	46
NC_007130.7	11	11000001	12000000	1000000	816185	0.816185	19
NC_007130.7	12	12000001	13000000	1000000	592883	0.592883	17
NC_007130.7	13	13000001	14000000	1000000	403091	0.403091	11
NC_007130.7	14	14000001	15000000	1000000	354086	0.354086	13
NC_007130.7	15	15000001	16000000	1000000	337575	0.337575	10
NC_007130.7	16	16000001	17000000	1000000	479083	0.479083	4
NC_007130.7	17	17000001	18000000	1000000	477578	0.477578	11
NC_007130.7	18	18000001	19000000	1000000	342155	0.342155	17
NC_007130.7	19	19000001	20000000	1000000	825127	0.825127	26
NC_007130.7	20	20000001	21000000	1000000	652329	0.652329	24
NC_007130.7	21	21000001	22000000	1000000	274032	0.274032	5
NC_007130.7	22	22000001	23000000	1000000	754339	0.754339	14
NC_007130.7	23	23000001	24000000	1000000	276163	0.276163	28
NC_007130.7	24	24000001	25000000	1000000	445579	0.445579	25
NC_007130.7	25	25000001	26000000	1000000	529508	0.529508	14
NC_007130.7	26	26000001	27000000	1000000	751584	0.751584	17
NC_007130.7	27	27000001	28000000	1000000	797588	0.797588	24
NC_007130.7	28	28000001	29000000	1000000	271615	0.271615	8
NC_007130.7	29	29000001	30000000	1000000	214443	0.214443	11
NC_007130.7	30	30000001	31000000	1000000	364005	0.364005	17
NC_007130.7	31	31000001	32000000	1000000	588896	0.588896	23
NC_007130.7	32	32000001	33000000	1000000	775936	0.775936	23
NC_007130.7	33	33000001	34000000	1000000	592785	0.592785	13
NC_007130.7	34	34000001	35000000	1000000	776798	0.776798	14
NC_007130.7	35	35000001	36000000	1000000	586421	0.586421	13
NC_007130.7	36	36000001	37000000	1000000	560178	0.560178	1
NC_007130.7	37	37000001	38000000	1000000	371522	0.371522	9
NC_007130.7	38	38000001	39000000	1000000	482178	0.482178	5
NC_007130.7	39	39000001	40000000	1000000	0	0.0	0
NC_007130.7	40	40000001	41000000	1000000	934159	0.934159	22
NC_007130.7	41	41000001	42000000	1000000	651976	0.651976	17
NC_007130.7	42	42000001	43000000	1000000	757105	0.757105	33
NC_007130.7	43	43000001	44000000	1000000	698709	0.698709	36
NC_007130.7	44	44000001	45000000	1000000	904528	0.904528	7
NC_007130.7	45	45000001	46000000	1000000	525319	0.525319	6
NC_007130.7	46	46000001	47000000	1000000	652479	0.652479	19
NC_007130.7	47	47000001	48000000	1000000	361028	0.361028	20
NC_007130.7	48	48000001	48449771	449771	218781	0.4864275375691185	26
NC_007131.7	0	1	1000000	1000000	834046	0.834046	41
NC_007131.7	1	1000001	2000000	1000000	670232	0.670232	25
NC_007131.7	2	2000001	3000000	1000000	661654	0.661654	22
NC_007131.7	3	3000001	4000000	1000000	442618	0.442618	18
NC_007131.7	4	4000001	5000000	1000000	509800	0.5098	18
NC_007131.7	5	5000001	6000000	1000000	727026	0.727026	13
NC_007131.7	6	6000001	7000000	1000000	663709	0.663709	14
NC_007131.7	7	7000001	8000000	1000000	379643	0.379643	15
NC_007131.7	8	8000001	9000000	1000000	407289	0.407289	4
NC_007131.7	9	9000001	10000000	1000000	545258	0.545258	23
NC_007131.7	10	10000001	11000000	1000000	123739	0.123739	9
NC_007131.7	11	11000001	12000000	1000000	88907	0.088907	3
NC_007131.7	12	12000001	13000000	1000000	101082	0.101082	4
NC_007131.7	13	13000001	14000000	1000000	798478	0.798478	16
NC_007131.7	14	14000001	15000000	1000000	591833	0.591833	16
NC_007131.7	15	15000001	16000000	1000000	302504	0.302504	13
NC_007131.7	16	16000001	17000000	1000000	539263	0.539263	15
NC_007131.7	17	17000001	18000000	1000000	241954	0.241954	3
NC_007131.7	18	18000001	19000000	1000000	622184	0.622184	19
NC_007131.7	19	19000001	20000000	1000000	601004	0.601004	16
NC_007131.7	20	20000001	21000000	1000000	682788	0.682788	20
NC_007131.7	21	21000001	22000000	1000000	577660	0.57766	6
NC_007131.7	22	22000001	23000000	1000000	743835	0.743835	12
NC_007131.7	23	23000001	24000000	1000000	782815	0.782815	27
NC_007131.7	24	24000001	25000000	1000000	312626	0.312626	5
NC_007131.7	25	25000001	26000000	1000000	617936	0.617936	34
NC_007131.7	26	26000001	27000000	1000000	795140	0.79514	31
NC_007131.7	27	27000001	28000000	1000000	582529	0.582529	25
NC_007131.7	28	28000001	29000000	1000000	605185	0.605185	20
NC_007131.7	29	29000001	30000000	1000000	532852	0.532852	23
NC_007131.7	30	30000001	31000000	1000000	427404	0.427404	14
NC_007131.7	31	31000001	32000000	1000000	996794	0.996794	12
NC_007131.7	32	32000001	33000000	1000000	772702	0.772702	19
NC_007131.7	33	33000001	34000000	1000000	793727	0.793727	31
NC_007131.7	34	34000001	35000000	1000000	826644	0.826644	32
NC_007131.7	35	35000001	36000000	1000000	801426	0.801426	22
NC_007131.7	36	36000001	37000000	1000000	618709	0.618709	18
NC_007131.7	37	37000001	38000000	1000000	541800	0.5418	17
NC_007131.7	38	38000001	39000000	1000000	782410	0.78241	22
NC_007131.7	39	39000001	40000000	1000000	688517	0.688517	22
NC_007131.7	40	40000001	41000000	1000000	540327	0.540327	16
NC_007131.7	41	41000001	42000000	1000000	641757	0.641757	5
NC_007131.7	42	42000001	43000000	1000000	615259	0.615259	17
NC_007131.7	43	43000001	44000000	1000000	715608	0.715608	23
NC_007131.7	44	44000001	45000000	1000000	790851	0.790851	11
NC_007131.7	45	45000001	46000000	1000000	229765	0.229765	9
NC_007131.7	46	46000001	47000000	1000000	847713	0.847713	57
NC_007131.7	47	47000001	48000000	1000000	344045	0.344045	14
NC_007131.7	48	48000001	49000000	1000000	498440	0.49844	18
NC_007131.7	49	49000001	50000000	1000000	612161	0.612161	12
NC_007131.7	50	50000001	51000000	1000000	403407	0.403407	7
NC_007131.7	51	51000001	52000000	1000000	627094	0.627094	24
NC_007131.7	52	52000001	53000000	1000000	577484	0.577484	22
NC_007131.7	53	53000001	54000000	1000000	506422	0.506422	17
NC_007131.7	54	54000001	55000000	1000000	493952	0.493952	34
NC_007131.7	55	55000001	55201332	201332	0	0.0	0
NC_007132.7	0	1	1000000	1000000	363535	0.363535	27
NC_007132.7	1	1000001	2000000	1000000	389368	0.389368	12
NC_007132.7	2	2000001	3000000	1000000	433051	0.433051	37
NC_007132.7	3	3000001	4000000	1000000	625779	0.625779	18
NC_007132.7	4	4000001	5000000	1000000	826339	0.826339	33
NC_007132.7	5	5000001	6000000	1000000	663314	0.663314	32
NC_007132.7	6	6000001	7000000	1000000	590732	0.590732	12
NC_007132.7	7	7000001	8000000	1000000	458973	0.458973	22
NC_007132.7	8	8000001	9000000	1000000	262778	0.262778	13
NC_007132.7	9	9000001	10000000	1000000	517832	0.517832	5
NC_007132.7	10	10000001	11000000	1000000	601191	0.601191	13
NC_007132.7	11	11000001	12000000	1000000	724095	0.724095	30
NC_007132.7	12	12000001	13000000	1000000	258138	0.258138	5
NC_007132.7	13	13000001	14000000	1000000	728978	0.728978	25
NC_007132.7	14	14000001	15000000	1000000	826538	0.826538	14
NC_007132.7	15	15000001	16000000	1000000	476624	0.476624	19
NC_007132.7	16	16000001	17000000	1000000	473019	0.473019	7
NC_007132.7	17	17000001	18000000	1000000	574479	0.574479	16
NC_007132.7	18	18000001	19000000	1000000	701436	0.701436	14
NC_007132.7	19	19000001	20000000	1000000	560551	0.560551	24
NC_007132.7	20	20000001	21000000	1000000	550120	0.55012	23
NC_007132.7	21	21000001	22000000	1000000	671704	0.671704	55
NC_007132.7	22	22000001	23000000	1000000	816606	0.816606	48
NC_007132.7	23	23000001	24000000	1000000	776253	0.776253	7
NC_007132.7	24	24000001	25000000	1000000	687269	0.687269	5
NC_007132.7	25	25000001	26000000	1000000	617821	0.617821	50
NC_007132.7	26	26000001	27000000	1000000	658555	0.658555	28
NC_007132.7	27	27000001	28000000	1000000	867055	0.867055	24
NC_007132.7	28	28000001	29000000	1000000	799443	0.799443	11
NC_007132.7	29	29000001	30000000	1000000	366220	0.36622	18
NC_007132.7	30	30000001	31000000	1000000	777618	0.777618	37
NC_007132.7	31	31000001	32000000	1000000	979947	0.979947	10
NC_007132.7	32	32000001	33000000	1000000	417657	0.417657	13
NC_007132.7	33	33000001	34000000	1000000	676416	0.676416	12
NC_007132.7	34	34000001	35000000	1000000	820265	0.820265	16
NC_007132.7	35	35000001	36000000	1000000	563112	0.563112	9
NC_007132.7	36	36000001	37000000	1000000	541521	0.541521	9
NC_007132.7	37	37000001	38000000	1000000	488202	0.488202	17
NC_007132.7	38	38000001	39000000	1000000	421797	0.421797	16
NC_007132.7	39	39000001	40000000	1000000	734621	0.734621	24
NC_007132.7	40	40000001	41000000	1000000	620119	0.620119	44
NC_007132.7	41	41000001	42000000	1000000	584718	0.584718	17
NC_007132.7	42	42000001	43000000	1000000	436019	0.436019	9
NC_007132.7	43	43000001	44000000	1000000	852656	0.852656	33
NC_007132.7	44	44000001	45000000	1000000	539131	0.539131	17
NC_007132.7	45	45000001	45934066	934066	611150	0.6542899538148268	33
NC_007133.7	0	1	1000000	1000000	671851	0.671851	62
NC_007133.7	1	1000001	2000000	1000000	670329	0.670329	69
NC_007133.7	2	2000001	3000000	1000000	1228335	1.228335	61
NC_007133.7	3	3000001	4000000	1000000	582892	0.582892	17
NC_007133.7	4	4000001	5000000	1000000	609998	0.609998	23
NC_007133.7	5	5000001	6000000	1000000	700915	0.700915	38
NC_007133.7	6	6000001	7000000	1000000	641425	0.641425	48
NC_007133.7	7	7000001	8000000	1000000	629937	0.629937	26
NC_007133.7	8	8000001	9000000	1000000	924994	0.924994	39
NC_007133.7	9	9000001	10000000	1000000	739575	0.739575	35
NC_007133.7	10	10000001	11000000	1000000	806088	0.806088	49
NC_007133.7	11	11000001	12000000	1000000	513321	0.513321	20
NC_007133.7	12	12000001	13000000	1000000	620191	0.620191	19
NC_007133.7	13	13000001	14000000	1000000	403225	0.403225	8
NC_007133.7	14	14000001	15000000	1000000	635756	0.635756	15
NC_007133.7	15	15000001	16000000	1000000	403113	0.403113	27
NC_007133.7	16	16000001	17000000	1000000	758768	0.758768	26
NC_007133.7	17	17000001	18000000	1000000	860657	0.860657	30
NC_007133.7	18	18000001	19000000	1000000	512787	0.512787	20
NC_007133.7	19	19000001	20000000	1000000	817461	0.817461	30
NC_007133.7	20	20000001	21000000	1000000	569526	0.569526	28
NC_007133.7	21	21000001	22000000	1000000	625133	0.625133	20
NC_007133.7	22	22000001	23000000	1000000	441660	0.44166	14
NC_007133.7	23	23000001	24000000	1000000	535376	0.535376	14
NC_007133.7	24	24000001	25000000	1000000	586627	0.586627	32
NC_007133.7	25	25000001	26000000	1000000	318205	0.318205	36
NC_007133.7	26	26000001	27000000	1000000	638193	0.638193	28
NC_007133.7	27	27000001	28000000	1000000	231080	0.23108	8
NC_007133.7	28	28000001	29000000	1000000	340385	0.340385	17
NC_007133.7	29	29000001	30000000	1000000	386078	0.386078	16
NC_007133.7	30	30000001	31000000	1000000	615503	0.615503	21
NC_007133.7	31	31000001	32000000	1000000	576086	0.576086	10
NC_007133.7	32	32000001	33000000	1000000	450665	0.450665	4
NC_007133.7	33	33000001	34000000	1000000	223648	0.223648	4
NC_007133.7	34	34000001	35000000	1000000	520734	0.520734	15
NC_007133.7	35	35000001	36000000	1000000	379244	0.379244	14
NC_007133.7	36	36000001	37000000	1000000	401069	0.401069	20
NC_007133.7	37	37000001	38000000	1000000	325889	0.325889	11
NC_007133.7	38	38000001	39000000	1000000	675565	0.675565	29
NC_007133.7	39	39000001	39133080	133080	92312	0.6936579501051999	4
NC_007134.7	0	1	1000000	1000000	715190	0.71519	29
NC_007134.7	1	1000001	2000000	1000000	563640	0.56364	15
NC_007134.7	2	2000001	3000000	1000000	613120	0.61312	18
NC_007134.7	3	3000001	4000000	1000000	290004	0.290004	10
NC_007134.7	4	4000001	5000000	1000000	655019	0.655019	28
NC_007134.7	5	5000001	6000000	1000000	323807	0.323807	14
NC_007134.7	6	6000001	7000000	1000000	692251	0.692251	21
NC_007134.7	7	7000001	8000000	1000000	428042	0.428042	11
NC_007134.7	8	8000001	9000000	1000000	140993	0.140993	4
NC_007134.7	9	9000001	10000000	1000000	703269	0.703269	15
NC_007134.7	10	10000001	11000000	1000000	585775	0.585775	13
NC_007134.7	11	11000001	12000000	1000000	610705	0.610705	4
NC_007134.7	12	12000001	13000000	1000000	661604	0.661604	17
NC_007134.7	13	13000001	14000000	1000000	627721	0.627721	9
NC_007134.7	14	14000001	15000000	1000000	823187	0.823187	13
NC_007134.7	15	15000001	16000000	1000000	252078	0.252078	5
NC_007134.7	16	16000001	17000000	1000000	373835	0.373835	20
NC_007134.7	17	17000001	18000000	1000000	589123	0.589123	24
NC_007134.7	18	18000001	19000000	1000000	494596	0.494596	23
NC_007134.7	19	19000001	20000000	1000000	767827	0.767827	33
NC_007134.7	20	20000001	21000000	1000000	683863	0.683863	28
NC_007134.7	21	21000001	22000000	1000000	764098	0.764098	26
NC_007134.7	22	22000001	23000000	1000000	586306	0.586306	13
NC_007134.7	23	23000001	24000000	1000000	719380	0.71938	8
NC_007134.7	24	24000001	25000000	1000000	605340	0.60534	31
NC_007134.7	25	25000001	26000000	1000000	790809	0.790809	22
NC_007134.7	26	26000001	27000000	1000000	860569	0.860569	21
NC_007134.7	27	27000001	28000000	1000000	771433	0.771433	28
NC_007134.7	28	28000001	29000000	1000000	658453	0.658453	21
NC_007134.7	29	29000001	30000000	1000000	546671	0.546671	20
NC_007134.7	30	30000001	31000000	1000000	606480	0.60648	14
NC_007134.7	31	31000001	32000000	1000000	519920	0.51992	28
NC_007134.7	32	32000001	33000000	1000000	820477	0.820477	20
NC_007134.7	33	33000001	34000000	1000000	588499	0.588499	21
NC_007134.7	34	34000001	35000000	1000000	619726	0.619726	4
NC_007134.7	35	35000001	36000000	1000000	696641	0.696641	23
NC_007134.7	36	36000001	37000000	1000000	661342	0.661342	31
NC_007134.7	37	37000001	38000000	1000000	350844	0.350844	20
NC_007134.7	38	38000001	39000000	1000000	240777	0.240777	7
NC_007134.7	39	39000001	40000000	1000000	689287	0.689287	17
NC_007134.7	40	40000001	41000000	1000000	522236	0.522236	18
NC_007134.7	41	41000001	42000000	1000000	502160	0.50216	9
NC_007134.7	42	42000001	43000000	1000000	498968	0.498968	20
NC_007134.7	43	43000001	44000000	1000000	616198	0.616198	22
NC_007134.7	44	44000001	45000000	1000000	633016	0.633016	35
NC_007134.7	45	45000001	46000000	1000000	932325	0.932325	32
NC_007134.7	46	46000001	46223584	223584	150169	0.6716446615142407	8
NC_007135.7	0	1	1000000	1000000	620244	0.620244	17
NC_007135.7	1	1000001	2000000	1000000	500262	0.500262	8
NC_007135.7	2	2000001	3000000	1000000	607599	0.607599	16
NC_007135.7	3	3000001	4000000	1000000	589013	0.589013	10
NC_007135.7	4	4000001	5000000	1000000	102750	0.10275	8
NC_007135.7	5	5000001	6000000	1000000	385381	0.385381	15
NC_007135.7	6	6000001	7000000	1000000	754882	0.754882	16
NC_007135.7	7	7000001	8000000	1000000	590368	0.590368	18
NC_007135.7	8	8000001	9000000	1000000	421429	0.421429	12
NC_007135.7	9	9000001	10000000	1000000	725757	0.725757	16
NC_007135.7	10	10000001	11000000	1000000	578300	0.5783	14
NC_007135.7	11	11000001	12000000	1000000	792905	0.792905	13
NC_007135.7	12	12000001	13000000	1000000	459322	0.459322	17
NC_007135.7	13	13000001	14000000	1000000	722043	0.722043	10
NC_007135.7	14	14000001	15000000	1000000	512009	0.512009	12
NC_007135.7	15	15000001	16000000	1000000	384603	0.384603	7
NC_007135.7	16	16000001	17000000	1000000	573612	0.573612	9
NC_007135.7	17	17000001	18000000	1000000	860626	0.860626	15
NC_007135.7	18	18000001	19000000	1000000	838187	0.838187	9
NC_007135.7	19	19000001	20000000	1000000	711929	0.711929	7
NC_007135.7	20	20000001	21000000	1000000	778304	0.778304	27
NC_007135.7	21	21000001	22000000	1000000	771147	0.771147	37
NC_007135.7	22	22000001	23000000	1000000	683872	0.683872	10
NC_007135.7	23	23000001	24000000	1000000	383546	0.383546	16
NC_007135.7	24	24000001	25000000	1000000	466419	0.466419	23
NC_007135.7	25	25000001	26000000	1000000	757577	0.757577	21
NC_007135.7	26	26000001	27000000	1000000	706554	0.706554	31
NC_007135.7	27	27000001	28000000	1000000	616304	0.616304	16
NC_007135.7	28	28000001	29000000	1000000	689007	0.689007	13
NC_007135.7	29	29000001	30000000	1000000	452822	0.452822	12
NC_007135.7	30	30000001	31000000	1000000	627524	0.627524	8
NC_007135.7	31	31000001	32000000	1000000	423123	0.423123	18
NC_007135.7	32	32000001	33000000	1000000	442753	0.442753	12
NC_007135.7	33	33000001	34000000	1000000	591121	0.591121	16
NC_007135.7	34	34000001	35000000	1000000	502298	0.502298	8
NC_007135.7	35	35000001	36000000	1000000	372371	0.372371	13
NC_007135.7	36	36000001	37000000	1000000	437894	0.437894	28
NC_007135.7	37	37000001	38000000	1000000	683367	0.683367	29
NC_007135.7	38	38000001	39000000	1000000	393159	0.393159	30
NC_007135.7	39	39000001	40000000	1000000	660204	0.660204	31
NC_007135.7	40	40000001	41000000	1000000	516052	0.516052	14
NC_007135.7	41	41000001	42000000	1000000	554875	0.554875	15
NC_007135.7	42	42000001	42172926	172926	84425	0.48821461203057953	10
NC_007136.7	0	1	1000000	1000000	835620	0.83562	29
NC_007136.7	1	1000001	2000000	1000000	445546	0.445546	15
NC_007136.7	2	2000001	3000000	1000000	636615	0.636615	11
NC_007136.7	3	3000001	4000000	1000000	779693	0.779693	42
NC_007136.7	4	4000001	5000000	1000000	573544	0.573544	19
NC_007136.7	5	5000001	6000000	1000000	449654	0.449654	16
NC_007136.7	6	6000001	7000000	1000000	456411	0.456411	16
NC_007136.7	7	7000001	8000000	1000000	625129	0.625129	27
NC_007136.7	8	8000001	9000000	1000000	717158	0.717158	19
NC_007136.7	9	9000001	10000000	1000000	164632	0.164632	4
NC_007136.7	10	10000001	11000000	1000000	471706	0.471706	25
NC_007136.7	11	11000001	12000000	1000000	788366	0.788366	9
NC_007136.7	12	12000001	13000000	1000000	503714	0.503714	17
NC_007136.7	13	13000001	14000000	1000000	576779	0.576779	32
NC_007136.7	14	14000001	15000000	1000000	561283	0.561283	14
NC_007136.7	15	15000001	16000000	1000000	580603	0.580603	13
NC_007136.7	16	16000001	17000000	1000000	923740	0.92374	32
NC_007136.7	17	17000001	18000000	1000000	846693	0.846693	25
NC_007136.7	18	18000001	19000000	1000000	537022	0.537022	24
NC_007136.7	19	19000001	20000000	1000000	823894	0.823894	34
NC_007136.7	20	20000001	21000000	1000000	800080	0.80008	21
NC_007136.7	21	21000001	22000000	1000000	831142	0.831142	22
NC_007136.7	22	22000001	23000000	1000000	560467	0.560467	15
NC_007136.7	23	23000001	24000000	1000000	425974	0.425974	12
NC_007136.7	24	24000001	25000000	1000000	842965	0.842965	11
NC_007136.7	25	25000001	26000000	1000000	518515	0.518515	20
NC_007136.7	26	26000001	27000000	1000000	403101	0.403101	15
NC_007136.7	27	27000001	28000000	1000000	660941	0.660941	13
NC_007136.7	28	28000001	29000000	1000000	755649	0.755649	17
NC_007136.7	29	29000001	30000000	1000000	498229	0.498229	15
NC_007136.7	30	30000001	31000000	1000000	297759	0.297759	12
NC_007136.7	31	31000001	32000000	1000000	565031	0.565031	24
NC_007136.7	32	32000001	33000000	1000000	788952	0.788952	13
NC_007136.7	33	33000001	34000000	1000000	357163	0.357163	7
NC_007136.7	34	34000001	35000000	1000000	457335	0.457335	23
NC_007136.7	35	35000001	36000000	1000000	778804	0.778804	68
NC_007136.7	36	36000001	37000000	1000000	306339	0.306339	40
NC_007136.7	37	37000001	37502051	502051	420402	0.837369111902974	35
NC_002333.2	0	1	16596	16596	0	0.0	0
